ID,Address,Rooms,Type,Price,Date,Bathroom,Car,Landsize,Age,Lattitude,Longtitude
ID982596088,43 Rowland St,7,h,4050000.0,12/08/2017,4.0,2.0,725.0,42.0,-37.81185,145.05387
ID272585119,19 Newry St,3,h,1320000.0,28/05/2016,1.0,0.0,365.0,5.0,-37.8554,145.0001
ID741031646,13 Tanjil Ct,3,h,590500.0,29/07/2017,1.0,1.0,585.0,9.0,-37.676809999999996,145.00323
ID375541301,1/5 Farringdon St,3,t,790000.0,12/11/2016,3.0,1.0,291.0,10.0,-37.7271,144.9261
ID318913801,137 Gold St,2,h,1000000.0,20/05/2017,1.0,0.0,193.0,49.0,-37.7936,144.9899
ID826293591,6 Exeter Cl,4,h,1222000.0,27/11/2016,2.0,4.0,732.0,59.0,-37.7704,145.1247
ID123650338,22 Duke St,4,h,2170000.0,17/06/2017,2.0,2.0,697.0,109.0,-37.86015,145.07735
ID163328258,156 Patterson Rd,3,h,1110000.0,6/08/2016,1.0,2.0,692.0,79.0,-37.9263,145.04
ID392016775,21 Tait St,3,h,950000.0,14/05/2016,2.0,2.0,281.0,69.0,-37.8431,144.8845
ID977032530,10/51 Delbridge St,1,u,495000.0,27/05/2017,1.0,1.0,0.0,8.0,-37.78737,144.98735
ID583677959,30 Hall St,3,h,620000.0,8/10/2016,1.0,4.0,699.0,59.0,-37.7905,144.8033
ID462087282,61 McKimmies Rd,3,h,487000.0,27/05/2017,1.0,1.0,533.0,49.0,-37.67605,145.03956000000005
ID443868202,65 Huskisson Av,3,h,652000.0,23/09/2017,1.0,2.0,533.0,39.0,-37.6605,145.01218
ID470043955,7 Kenneth St,3,h,1100000.0,4/03/2017,2.0,3.0,490.0,69.0,-37.7413,145.0203
ID878908628,7 Hilda St,3,h,1150000.0,26/07/2016,1.0,0.0,300.0,119.0,-37.7548,144.9315
ID175327122,6 Wilson Gr,3,h,1602500.0,18/03/2017,1.0,1.0,405.0,89.0,-37.8448,145.071
ID782951219,50 Thompson St,4,h,1630000.0,25/02/2017,2.0,2.0,265.0,9.0,-37.8656,144.9039
ID127106995,3/47 Southern Rd,2,h,510000.0,27/11/2016,1.0,1.0,174.0,59.0,-37.7433,145.0545
ID817519061,27/78 Holyrood St,2,u,685000.0,12/06/2016,1.0,2.0,0.0,119.0,-37.9339,145.0023
ID933956315,5 Alameda St,4,h,1630000.0,9/09/2017,2.0,2.0,554.0,59.0,-37.99323,145.0744
ID700443592,203/150 Peel St,2,u,598000.0,27/11/2016,1.0,1.0,0.0,14.0,-37.8044,144.9566
ID622499446,1 Buxton St,3,h,1061000.0,3/12/2016,1.0,1.0,533.0,14.0,-37.7955,144.8784
ID342664587,25 Palmer St,4,h,1775000.0,27/11/2016,1.0,0.0,434.0,119.0,-37.8185,145.0061
ID467228906,25 Clauscen St,3,h,1150000.0,3/09/2016,2.0,2.0,649.0,59.0,-37.7642,145.1157
ID160171991,37 Victoria Rd,4,h,4760000.0,18/03/2017,2.0,2.0,903.0,49.0,-37.8238,145.0624
ID587416705,22C Tennyson St,4,t,1950000.0,17/06/2017,3.0,2.0,142.0,6.0,-37.871559999999995,144.98605
ID760771996,4/29 Champion Rd,2,u,400000.0,8/10/2016,1.0,1.0,0.0,49.0,-37.8564,144.8864
ID775698589,25 Outlook Dr,3,h,1362000.0,27/11/2016,1.0,2.0,798.0,59.0,-37.7894,145.1333
ID519974754,113 Green St,3,h,1102000.0,22/05/2016,1.0,1.0,597.0,69.0,-37.7645,145.0314
ID319018389,15 Greer St,4,h,1000000.0,22/07/2017,2.0,1.0,180.0,25.0,-37.796859999999995,144.908
ID412061264,57 Ruthven St,3,h,850000.0,23/09/2017,1.0,2.0,690.0,7.0,-37.72998,145.06134
ID914303172,100 Faraday St,2,h,1010000.0,18/03/2017,1.0,0.0,101.0,139.0,-37.7989,144.9713
ID672439983,4 Adelaide St,4,h,1225000.0,3/12/2016,2.0,1.0,319.0,104.0,-37.7943,144.8875
ID217430869,16 Hodgson St,5,h,3450000.0,26/08/2017,2.0,2.0,668.0,13.0,-37.80795,145.01474
ID671390786,7 Angler Pde,4,h,1640000.0,16/04/2016,3.0,2.0,562.0,129.0,-37.782,144.903
ID915627083,11 Findon St,2,h,1036000.0,3/12/2016,1.0,1.0,310.0,109.0,-37.8717,145.0399
ID935622540,104 Maidstone St,2,h,857000.0,27/11/2016,2.0,1.0,675.0,69.0,-37.8653,144.8129
ID755496076,131 Bay Rd,4,t,2300000.0,3/06/2017,2.0,2.0,604.0,79.0,-37.95326,145.01779
ID723877710,6 Dalgety St,3,h,1250000.0,3/09/2016,1.0,2.0,644.0,39.0,-37.7419,145.0049
ID548024367,14 Jasmine Dr,3,h,668000.0,29/07/2017,2.0,1.0,555.0,29.0,-37.6764,145.05085
ID342324544,72b David St,2,t,890000.0,7/05/2016,2.0,2.0,181.0,59.0,-37.9433,145.019
ID915434558,1B Simpson Pl,3,h,1670000.0,9/09/2017,3.0,2.0,107.0,49.0,-37.81753,145.01988
ID956728294,7 Tynan St,4,h,1000000.0,12/11/2016,1.0,2.0,568.0,69.0,-37.7353,144.989
ID257656530,6 Longstaff St,4,h,1501000.0,14/05/2016,2.0,1.0,598.0,49.0,-37.9037,145.0588
ID339905557,3/15 Woodvale Cl,2,u,420000.0,15/07/2017,1.0,1.0,0.0,39.0,-37.744440000000004,144.92084
ID828494334,15 Mara Cl,4,h,1330000.0,26/08/2017,2.0,2.0,717.0,39.0,-37.86887,145.22116
ID612752435,35 Charles St,2,h,871000.0,22/05/2016,1.0,1.0,215.0,139.0,-37.7722,144.9637
ID112211971,2 Harry St,3,h,1195000.0,27/11/2016,1.0,2.0,601.0,12.0,-37.9386,145.0317
ID654354613,303 Bambra Rd,3,h,1160500.0,8/10/2016,2.0,1.0,358.0,89.0,-37.8965,145.0269
ID896969588,4 School Ct,4,h,1453000.0,15/07/2017,2.0,2.0,525.0,49.0,-37.71467,144.92528000000001
ID187494867,389 Blackburn Rd,3,h,1150000.0,8/07/2017,2.0,2.0,668.0,54.0,-37.85695,145.15143999999995
ID700166252,4/1 Ashley St,2,u,427500.0,7/11/2016,1.0,1.0,146.0,39.0,-37.719,145.0014
ID167754066,4/190 Graham St,2,u,600000.0,22/08/2016,1.0,1.0,0.0,23.0,-37.8398,144.9404
ID615657127,59 Bemersyde Dr,4,h,608500.0,17/06/2017,2.0,2.0,563.0,24.0,-38.05379,145.34803
ID373938382,21/127 Grey St,1,u,330000.0,15/10/2016,1.0,1.0,653.0,19.0,-37.8642,144.9814
ID287920919,72 Board St,3,h,920000.0,7/05/2016,3.0,3.0,655.0,59.0,-37.7798,145.1319
ID220555508,222 Woodland St,5,h,2650000.0,19/11/2016,3.0,2.0,755.0,10.0,-37.7417,144.9133
ID823168462,18 White St,2,h,957000.0,29/07/2017,1.0,0.0,148.0,59.0,-37.79462,144.89385
ID552629937,125 Oriel Rd,3,h,894000.0,8/04/2017,2.0,3.0,601.0,69.0,-37.7524,145.0393
ID786657491,221/408 Lygon St,1,u,370000.0,15/10/2016,1.0,1.0,0.0,21.0,-37.765,144.9731
ID219621098,2 Michael Ct,3,t,840000.0,15/10/2016,2.0,2.0,374.0,29.0,-37.7445,144.8834
ID912765391,12/5 Summerlea Gr,1,u,275000.0,13/05/2017,1.0,0.0,479.0,49.0,-37.8292,145.0322
ID834779013,9/13 Manton St,2,u,530000.0,13/08/2016,1.0,1.0,0.0,54.0,-37.8236,145.009
ID972513460,73 Victoria St,4,h,1815000.0,8/10/2016,3.0,2.0,321.0,39.0,-37.8623,144.8884
ID695707467,5/29 Nepean Hwy,2,u,410000.0,28/05/2016,0.0,0.0,0.0,129.0,-37.8863,144.9996
ID639285377,8/14 Creswick St,2,u,663000.0,19/11/2016,1.0,1.0,0.0,59.0,-37.8166,145.0163
ID224152102,28 Gish Ct,4,h,815000.0,25/02/2017,2.0,2.0,672.0,69.0,-37.7083,144.9495
ID232402530,1/136 High Street Rd,3,h,761000.0,7/11/2016,2.0,4.0,400.0,69.0,-37.8675,145.106
ID828192043,13/947 Mt Alexander Rd,2,u,485000.0,15/10/2016,1.0,1.0,0.0,9.0,-37.7504,144.9138
ID118812555,15 Eureka Rd,3,h,435000.0,27/05/2017,1.0,2.0,608.0,9.0,-37.6204,144.71138
ID938377932,7 Bowen St,3,h,2000000.0,19/11/2016,2.0,1.0,217.0,109.0,-37.8158,144.9931
ID269624712,15 Pascoe St,3,h,1275000.0,10/12/2016,2.0,2.0,669.0,89.0,-37.8596,145.0871
ID370822889,18/4 Wests Rd,2,u,353000.0,27/05/2017,1.0,1.0,4977.0,19.0,-37.77367,144.88161000000005
ID160671470,13 Crispe St,4,h,1100000.0,3/06/2017,2.0,2.0,665.0,109.0,-37.72787,144.99423000000004
ID191404131,96 Winifred St,3,h,815500.0,16/07/2016,2.0,2.0,790.0,79.0,-37.718,144.9124
ID442877206,2/36 Prospect St,4,t,607000.0,18/03/2017,3.0,2.0,0.0,5.0,-37.7102,144.9112
ID462299346,92/99 Whiteman St,2,u,650000.0,6/08/2016,2.0,1.0,0.0,19.0,-37.8273,144.9556
ID952476891,48 Howitt St,3,h,1780000.0,17/09/2016,2.0,1.0,198.0,49.0,-37.8472,145.0026
ID982784611,15 Tyne St,4,h,2850000.0,23/09/2017,2.0,8.0,905.0,12.0,-37.84578,145.08436
ID148743475,3/23 Walstab St,3,u,1245000.0,28/05/2016,2.0,1.0,227.0,21.0,-37.9191,145.0074
ID729319928,9/99 Barton St,2,u,335000.0,22/08/2016,1.0,1.0,0.0,7.0,-37.7112,144.9989
ID511136257,6 Blenheim St,3,h,1193000.0,18/06/2016,1.0,1.0,178.0,99.0,-37.8663,144.9948
ID293513396,26 Coventry Cr,3,h,767500.0,8/07/2017,2.0,2.0,649.0,30.0,-37.67633,145.06922
ID224063395,7/6 Osborne Ct,1,u,400000.0,15/10/2016,1.0,1.0,0.0,69.0,-37.8155,145.0161
ID917875593,5 Henry St,2,h,780000.0,15/10/2016,1.0,1.0,176.0,8.0,-37.8052,144.8883
ID195667687,17 Horsmunden Rd,4,h,1160000.0,28/05/2016,2.0,2.0,588.0,8.0,-37.9395,145.0477
ID239978948,1/23 Glen St,2,u,670000.0,15/07/2017,1.0,0.0,0.0,39.0,-37.83108,145.0353
ID157343069,145a Jasper Rd,3,h,1100000.0,16/07/2016,1.0,2.0,632.0,69.0,-37.921,145.0411
ID145322675,13/11 Belmont Av,1,u,260000.0,8/07/2017,1.0,1.0,0.0,69.0,-37.8574,145.04795
ID896029155,1/1 Perry St,4,t,1105000.0,30/07/2016,2.0,2.0,220.0,4.0,-37.9387,145.0398
ID631335712,19 Kooringa Cr,5,h,1100000.0,12/08/2017,2.0,2.0,672.0,49.0,-37.91299,145.1767
ID796007919,5/9 Dickens St,2,u,600000.0,24/09/2016,1.0,1.0,0.0,59.0,-37.8715,144.9873
ID721018777,7 Daphne St,4,h,1760000.0,3/06/2017,4.0,2.0,651.0,39.0,-37.78535,145.14536
ID268609265,6 Chester St,3,h,1600000.0,7/05/2016,2.0,1.0,704.0,79.0,-37.852,145.0942
ID302385604,179 Barkly St,3,h,2300000.0,23/04/2016,1.0,2.0,475.0,49.0,-37.7786,144.9846
ID559517562,10 Bowen St,4,h,1570000.0,12/08/2017,2.0,1.0,455.0,119.0,-37.9016,145.08293999999995
ID744877688,1/36 The Avenue,2,u,585000.0,15/07/2017,1.0,1.0,598.0,44.0,-37.87149,144.99746000000005
ID694632401,23 Waltham St,4,h,1290000.0,3/06/2017,2.0,0.0,202.0,59.0,-37.78358,144.92927
ID378730152,138/56 Nicholson St,3,u,1090000.0,18/03/2017,2.0,2.0,4290.0,9.0,-37.8078,144.9965
ID154435535,1/33 Oconnor St,2,t,672000.0,29/07/2017,1.0,1.0,243.0,7.0,-37.71045,145.0018
ID342896003,2 Peers St,2,h,870000.0,28/08/2016,1.0,1.0,100.0,6.0,-37.8136,144.9927
ID419424532,10/1 St Kilda Rd,1,u,435000.0,28/08/2016,1.0,1.0,0.0,24.0,-37.8573,144.9825
ID228560352,24 Robert St,4,h,1300000.0,10/12/2016,3.0,1.0,604.0,59.0,-37.7621,145.086
ID765451647,61 Dundas St,3,h,910000.0,26/08/2017,1.0,2.0,276.0,54.0,-37.75277,145.00734
ID688718918,7/69 Edgar St N,2,u,411000.0,8/10/2016,1.0,1.0,0.0,49.0,-37.85,145.0461
ID414805169,17 Addison St,3,h,1700000.0,16/04/2016,2.0,2.0,316.0,109.0,-37.875,144.9813
ID214654436,401/40 Altona St,2,u,445000.0,29/07/2017,1.0,1.0,1775.0,49.0,-37.79818,144.92685
ID345661822,13 Ridge Rd,3,h,835000.0,23/09/2017,2.0,2.0,957.0,60.0,-38.03383,145.36314
ID801386587,1/15 Cassels Rd,2,u,520000.0,24/06/2017,1.0,1.0,0.0,119.0,-37.75788,144.95935
ID942743813,29 Collins St,2,h,1211000.0,25/02/2017,1.0,0.0,302.0,104.0,-37.7549,145.0035
ID926550790,7 Brook St,3,h,2000000.0,6/08/2016,2.0,1.0,460.0,79.0,-37.8155,145.019
ID703923410,53 John St,2,t,640000.0,28/08/2016,1.0,1.0,0.0,139.0,-37.7873,144.9961
ID780593980,15/1 Manna Gum Ct,3,t,550000.0,7/05/2016,2.0,2.0,0.0,119.0,-37.7372,144.9764
ID284066143,20 Barton St,3,h,876000.0,19/08/2017,1.0,2.0,653.0,69.0,-37.711420000000004,145.00377
ID218677929,15 Ronald Rd,2,h,570000.0,1/07/2017,1.0,1.0,312.0,25.0,-37.807520000000004,145.27212
ID852277417,77 Chapel Rd,3,h,920000.0,28/05/2016,1.0,1.0,653.0,69.0,-37.9392,145.0481
ID811860021,21 Montgomery St,2,h,600000.0,18/06/2016,1.0,1.0,194.0,7.0,-37.787,144.8654
ID919108106,13 Birrarrung Ct,4,h,1475000.0,24/09/2016,2.0,2.0,617.0,21.0,-37.7569,145.0913
ID842621113,8 Blackwood Pde,2,h,686000.0,8/10/2016,1.0,2.0,650.0,59.0,-37.7446,145.0404
ID259699869,275 Thompsons Rd,3,h,1250000.0,23/09/2017,2.0,2.0,838.0,39.0,-37.76649000000001,145.10623
ID371060885,2 Fairbank Pl,5,h,355000.0,3/06/2017,2.0,2.0,666.0,43.0,-37.67523,144.55833
ID395568322,42 Cressy St,2,h,780000.0,14/05/2016,0.0,0.0,0.0,24.0,-37.8502,145.0418
ID989518995,13/56 Sutherland Rd,1,u,315000.0,22/08/2016,1.0,1.0,0.0,119.0,-37.8575,145.0174
ID797199418,47 Kellett Gr,4,h,2245000.0,27/11/2016,3.0,2.0,627.0,60.0,-37.7915,145.0348
ID216482605,2/6 Shelley St,3,t,710000.0,28/08/2016,2.0,1.0,320.0,6.0,-37.7415,144.8668
ID665337195,707 Waverley Rd,5,h,1116500.0,15/07/2017,2.0,2.0,701.0,59.0,-37.88902,145.16678000000005
ID362291026,301/182 Barkly St,2,u,750000.0,26/07/2016,2.0,1.0,0.0,10.0,-37.8686,144.9812
ID314412166,3/99 Earl St,2,t,707500.0,26/07/2016,1.0,1.0,124.0,27.0,-37.7938,145.0321
ID603039375,7/122 Glen Huntly Rd,2,u,510000.0,11/03/2017,1.0,1.0,0.0,69.0,-37.8831,144.9896
ID340021869,928/43 Therry St,1,u,210000.0,13/08/2016,1.0,0.0,0.0,14.0,-37.8078,144.961
ID238669941,2/20 Victoria St,3,u,890000.0,3/12/2016,1.0,3.0,0.0,39.0,-37.8663,144.8883
ID384401677,8 Malahang Pde,1,h,442000.0,20/05/2017,1.0,0.0,290.0,63.0,-37.7434,145.0468
ID902581299,4 Ridge Rd,4,h,800000.0,10/12/2016,2.0,1.0,589.0,59.0,-37.7151,144.9157
ID213921508,14 Glengala Ct,4,h,900000.0,3/09/2017,2.0,2.0,530.0,39.0,-37.98368,145.09237
ID756487555,6/10 Vautier St,2,u,612000.0,24/09/2016,1.0,1.0,0.0,59.0,-37.8861,144.9863
ID734671801,2/62 Cunningham St,1,u,385000.0,10/12/2016,1.0,0.0,0.0,49.0,-37.7827,144.9999
ID586231328,37 Eamon Dr,3,h,770000.0,4/06/2016,2.0,2.0,577.0,49.0,-37.7376,145.0895
ID410785257,17 Gilbert Ct,3,h,1000000.0,8/07/2017,2.0,2.0,1088.0,2.0,-37.89385,145.23848
ID717698878,6 Murumba St,4,h,865000.0,16/09/2017,2.0,2.0,734.0,39.0,-37.6929,145.1272
ID165556831,69 Watt St,3,h,985000.0,12/06/2016,1.0,5.0,669.0,69.0,-37.8321,144.8736
ID226008014,97 Edwin St,4,h,1645000.0,12/08/2017,2.0,4.0,596.0,89.0,-37.75008,145.05051
ID737275406,6 Sanderson St,2,h,890000.0,3/09/2016,1.0,2.0,471.0,69.0,-37.8149,144.8707
ID721894683,15 Barry St,6,h,6500000.0,13/08/2016,6.0,3.0,1334.0,129.0,-37.8029,145.0267
ID344044894,111 Carpenter St,6,h,2700000.0,4/06/2016,3.0,3.0,0.0,49.0,-37.9081,145.0015
ID137680027,15a Dickens St,3,u,1096000.0,28/08/2016,2.0,2.0,292.0,79.0,-37.9273,145.0324
ID213223701,1 Meadowbank St,3,h,780000.0,6/05/2017,1.0,2.0,742.0,49.0,-37.702,144.9538
ID983196455,59 Barrett St,3,h,2340000.0,26/08/2017,2.0,1.0,162.0,139.0,-37.84398,144.95044
ID254703229,1/2 Prospect St,3,u,482500.0,18/06/2016,1.0,1.0,265.0,24.0,-37.7083,144.9158
ID714159950,33 Power St,4,h,1700000.0,30/07/2016,1.0,1.0,672.0,84.0,-37.8099,145.0792
ID421908664,87 Phillips St,3,h,1210000.0,3/09/2017,1.0,4.0,460.0,99.0,-37.745129999999996,144.95458
ID915434558,1B Simpson Pl,3,h,1670000.0,9/09/2017,3.0,2.0,107.0,49.0,-37.81753,145.01988
ID588618619,1/22 Rathmines St,2,u,667000.0,17/06/2017,1.0,1.0,86.0,10.0,-37.78203,145.01508
ID832932450,4a Surrey St,3,h,650000.0,28/08/2016,2.0,1.0,266.0,59.0,-37.7271,144.9485
ID683641711,21 Simpson St,3,h,2775000.0,12/08/2017,1.0,2.0,901.0,36.0,-37.78062,145.00627
ID243663231,55 Erebus St,3,h,752500.0,27/05/2017,2.0,1.0,468.0,54.0,-37.72203,144.85994
ID746645533,7 Newton St,5,h,2100000.0,16/07/2016,2.0,2.0,1025.0,104.0,-37.8286,145.1094
ID655901148,218 Neerim Rd,4,h,1275000.0,3/12/2016,2.0,0.0,365.0,100.0,-37.8877,145.0507
ID707791604,2/1 Darook St,2,u,725000.0,17/06/2017,2.0,2.0,311.0,59.0,-37.83459000000001,145.15721000000005
ID363267277,36 Winifred St,4,h,1685000.0,9/09/2017,1.0,1.0,442.0,99.0,-37.76917,144.98606
ID128531652,2/100 Commercial Rd,3,u,805000.0,17/09/2016,2.0,3.0,6111.0,6.0,-37.8453,144.9849
ID163956481,27 Busch St,4,h,990000.0,19/08/2017,2.0,2.0,501.0,59.0,-37.79591,144.87595
ID222290962,28 Millicent St,4,h,1775000.0,16/09/2017,2.0,2.0,1240.0,69.0,-37.74085,145.07055
ID627248230,14/12 Fitzroy St,1,u,350000.0,1/07/2017,1.0,1.0,0.0,14.0,-37.8614,144.97406999999995
ID689105100,535 Station St,2,h,1501000.0,3/06/2017,1.0,0.0,152.0,59.0,-37.783809999999995,144.97608
ID346683310,7/138 New St,1,u,495000.0,29/07/2017,1.0,1.0,0.0,49.0,-37.91814,144.99296999999999
ID546703454,7 Effingham Rd,3,h,1305000.0,10/12/2016,1.0,0.0,357.0,119.0,-37.8459,144.8877
ID838876700,51 Jeffrey St,3,h,1245000.0,29/07/2017,2.0,2.0,779.0,49.0,-37.76311,145.10494
ID834413001,99 Neill St,3,h,1600000.0,17/09/2016,3.0,1.0,0.0,9.0,-37.7945,144.9718
ID775328689,20 Westminster Dr,3,h,892500.0,22/05/2016,1.0,1.0,586.0,54.0,-37.7642,144.8603
ID532477595,16 Bedford St,5,h,585000.0,4/06/2016,2.0,1.0,590.0,69.0,-37.711,144.9481
ID716076277,2 McMicken La,2,h,1200000.0,15/10/2016,3.0,1.0,91.0,18.0,-37.853,145.0069
ID431367634,7 Botanic Dr,4,h,1810000.0,28/05/2016,2.0,4.0,769.0,49.0,-37.7781,145.1337
ID240286979,2 Tennyson St,4,h,2001000.0,15/10/2016,2.0,2.0,526.0,109.0,-37.8771,145.0505
ID421755058,42 Rose St,3,h,2250000.0,17/09/2016,3.0,1.0,301.0,84.0,-37.8511,145.0167
ID879022415,2/49 McIntosh St,2,u,500000.0,4/03/2017,1.0,1.0,168.0,8.0,-37.7215,144.8864
ID249100119,5/27 Venus St,1,u,290000.0,27/11/2016,1.0,1.0,0.0,49.0,-37.8943,145.0145
ID691529897,7 Cowra St,3,h,840000.0,8/04/2017,1.0,2.0,577.0,19.0,-37.864000000000004,144.8161
ID890629665,909/118 Kavanagh St,2,u,430000.0,12/11/2016,2.0,0.0,2295.0,5.0,-37.8256,144.9622
ID505144783,18A Hart St,3,t,730000.0,17/06/2017,1.0,2.0,242.0,9.0,-37.72893,144.88859
ID144836682,2/1 Perry St,3,t,785000.0,16/04/2016,2.0,2.0,169.0,19.0,-37.9385,145.0397
ID209175897,334 Highett St,2,h,1200000.0,8/07/2017,2.0,1.0,189.0,49.0,-37.81684,145.00606000000005
ID300900129,109 Rossmoyne St,3,h,1570000.0,24/09/2016,2.0,1.0,377.0,99.0,-37.7578,145.0076
ID250497505,3/573 Riversdale Rd,2,t,900400.0,10/09/2016,1.0,1.0,93.0,59.0,-37.8314,145.0611
ID725641967,396 Montague St,2,h,1436000.0,4/03/2017,1.0,0.0,130.0,119.0,-37.8431,144.9565
ID685748777,5 Healey St,3,h,499000.0,27/05/2017,2.0,0.0,598.0,29.0,-37.5993,144.93867
ID873061770,81 Quinn Gr,5,h,700000.0,22/05/2016,2.0,2.0,629.0,49.0,-37.7423,144.869
ID630080828,7 Merrimu St,4,h,1656000.0,6/05/2017,2.0,2.0,651.0,79.0,-37.8879,145.0768
ID658017321,20 Cuthbert Dr,3,h,660000.0,24/06/2017,2.0,2.0,666.0,17.0,-37.68381,144.73331000000005
ID923459257,5A Hall St,3,h,2020000.0,17/06/2017,2.0,2.0,369.0,34.0,-37.91728,145.00206
ID453373290,26 Major St,3,h,882500.0,22/07/2017,2.0,2.0,918.0,44.0,-37.794000000000004,145.24636
ID952035579,4 Day St,3,h,520000.0,27/06/2016,1.0,2.0,691.0,59.0,-37.7886,144.8138
ID829317882,39 Heath St,2,h,900000.0,14/05/2016,1.0,0.0,124.0,119.0,-37.8356,144.9439
ID747405783,64 Adeney Av,5,h,2660000.0,12/08/2017,2.0,2.0,696.0,79.0,-37.803470000000004,145.0489
ID860293514,17 Combarton St,3,h,1760000.0,10/12/2016,1.0,0.0,741.0,109.0,-37.8258,145.1246
ID181461972,140 Purinuan Rd,2,h,791000.0,19/11/2016,1.0,3.0,720.0,49.0,-37.7076,145.017
ID880252838,54 Rosslyn Av,3,h,725000.0,15/07/2017,1.0,1.0,769.0,39.0,-38.118,145.13015
ID760747207,55 Ridge Dr,5,h,800000.0,22/07/2017,2.0,3.0,577.0,34.0,-37.75261,144.85631
ID253503747,45 Portland St,3,h,1000000.0,4/03/2017,2.0,3.0,370.0,99.0,-37.744,144.9501
ID984943499,33 Weeroona Rd,3,h,1965000.0,29/07/2017,2.0,3.0,926.0,49.0,-37.88800000000001,145.07123
ID540212802,5 Collins Ct,3,t,1810000.0,3/06/2017,2.0,2.0,400.0,69.0,-37.80511,145.08972
ID527245478,38 Malane St,4,h,1620000.0,3/06/2017,2.0,2.0,426.0,5.0,-37.91657,145.05534
ID234231762,4 Short St,3,h,746000.0,16/09/2017,1.0,1.0,400.0,69.0,-37.80954000000001,145.25538
ID182682980,2/243 Union St,2,t,680000.0,15/10/2016,1.0,1.0,0.0,49.0,-37.772,144.9406
ID676649884,2/305 Rossmoyne St,3,u,510000.0,3/09/2016,1.0,1.0,0.0,59.0,-37.7591,145.0211
ID575893884,90 Clarinda Rd,4,h,1715000.0,3/12/2016,2.0,3.0,668.0,19.0,-37.7633,144.908
ID806256811,160 Were St,5,h,3250000.0,1/07/2017,3.0,2.0,835.0,19.0,-37.92615,145.00281999999999
ID956404345,13 Hotham Rd,3,h,1450000.0,29/04/2017,1.0,1.0,650.0,4.0,-37.7368,144.8886
ID897771854,8 Carmichael St,3,h,1640000.0,27/05/2017,1.0,2.0,617.0,89.0,-37.77212,145.05813
ID342896003,2 Peers St,2,h,870000.0,28/08/2016,1.0,1.0,100.0,6.0,-37.8136,144.9927
ID687626979,12 Chambers Rd,3,h,830000.0,22/07/2017,2.0,2.0,529.0,54.0,-37.84107,144.84179
ID760924916,8 Kinnane Cr,3,h,830500.0,8/07/2017,1.0,2.0,508.0,69.0,-37.7807,144.83648
ID942472381,1/169 Lower Heidelberg Rd,3,t,1050000.0,22/08/2016,2.0,1.0,180.0,7.0,-37.772,145.0538
ID210476915,46 Jacana St,4,h,650000.0,15/07/2017,1.0,2.0,660.0,49.0,-37.97918,145.18825
ID369128447,741 Elgar Rd,3,h,1391000.0,23/04/2016,1.0,1.0,764.0,54.0,-37.7934,145.1207
ID687088531,6/153 Barkly St,2,u,600000.0,7/11/2016,1.0,1.0,0.0,8.0,-37.777,144.9703
ID308102658,2/11 Peace St,3,h,1425000.0,4/03/2017,2.0,2.0,217.0,13.0,-37.8639,145.0641
ID752574736,58 Alexandra Pde,2,h,700000.0,20/05/2017,1.0,0.0,194.0,49.0,-37.7938,144.989
ID713406419,61 Broughton Rd,3,h,1525000.0,13/05/2017,2.0,2.0,347.0,6.0,-37.8323,145.105
ID911074896,23/1 Pottery Ct,1,u,315000.0,15/07/2017,1.0,1.0,0.0,99.0,-37.770340000000004,144.95334
ID798682214,55 Saltley St,3,h,1030000.0,22/05/2016,1.0,1.0,224.0,3.0,-37.8298,144.8679
ID708002887,26 Norwood Dr,3,h,705000.0,28/05/2016,1.0,2.0,616.0,49.0,-37.7449,144.8533
ID504321952,5 Wavell St,3,h,1400000.0,15/10/2016,2.0,1.0,643.0,79.0,-37.8285,145.1272
ID763987880,112 Belmore Rd,5,h,2570000.0,3/12/2016,3.0,2.0,715.0,10.0,-37.8028,145.0768
ID594909875,17 Canadian Ct,3,h,535000.0,26/08/2017,1.0,4.0,572.0,39.0,-37.65905,144.92347
ID318342229,2/3 Surrey St,2,u,487000.0,10/09/2016,1.0,2.0,198.0,9.0,-37.7132,144.9488
ID811125442,51a President Rd,2,u,415000.0,12/08/2017,1.0,1.0,218.0,139.0,-37.74839,144.7735
ID521133268,7 Alexander Cl,3,h,475000.0,12/08/2017,2.0,2.0,358.0,29.0,-37.7145,144.77132
ID504016804,57 Tarcoola Dr,3,h,721500.0,20/05/2017,1.0,1.0,594.0,44.0,-37.7214,145.1063
ID874491399,8/86 Queens Pde,3,t,775000.0,28/05/2016,2.0,2.0,0.0,121.0,-37.7918,144.9824
ID687024369,102 Mitchell St,4,h,1400000.0,3/06/2017,1.0,2.0,678.0,119.0,-37.75967,144.97214
ID382515253,57 Blazey Rd,3,h,800000.0,27/05/2017,1.0,2.0,865.0,69.0,-37.81263,145.27588
ID863758255,37 Pascall St,4,h,1480000.0,16/09/2017,2.0,2.0,695.0,49.0,-37.86127000000001,145.14271000000005
ID523048026,36 Emerald St,5,h,2200000.0,1/07/2017,3.0,2.0,607.0,3.0,-37.75148,144.88519
ID637530800,15 Ada St,4,h,1005800.0,17/06/2017,2.0,2.0,502.0,16.0,-37.92985,145.25184
ID193361247,13 Aston St,4,h,665000.0,1/07/2017,2.0,2.0,756.0,12.0,-37.58885,144.90135
ID690957092,19 Belmont Rd,2,h,2400000.0,12/08/2017,1.0,0.0,1110.0,34.0,-37.76778,145.03312
ID741061255,10 Campbell Gr,3,t,900000.0,16/07/2016,2.0,2.0,608.0,7.0,-37.7763,144.9967
ID272624706,18 Wigan Cl,4,h,730000.0,9/09/2017,2.0,2.0,400.0,7.0,-37.617290000000004,145.0238
ID190304075,12 Stott St,3,h,1225000.0,23/04/2016,1.0,2.0,307.0,109.0,-37.764,144.9976
ID393050423,40 Allan St,3,h,1860000.0,19/11/2016,2.0,2.0,311.0,94.0,-37.7603,144.8921
ID740823549,1 Elphin St,2,h,1070000.0,29/04/2017,1.0,3.0,480.0,129.0,-37.8431,144.8919
ID306228050,3/31 Thomas St,2,u,720000.0,3/09/2016,1.0,1.0,832.0,4.0,-37.9387,145.0063
ID387507921,16 Margaret St,3,h,1305000.0,16/09/2017,1.0,0.0,174.0,119.0,-37.84517,144.98727
ID215600733,1/67 Milleara Rd,2,u,502000.0,22/05/2016,1.0,2.0,0.0,29.0,-37.7346,144.8646
ID743950471,2/152 Gillies St,2,h,610000.0,10/12/2016,1.0,1.0,66.0,49.0,-37.7722,145.0178
ID112946867,2/67 Nimmo St,2,u,645000.0,27/06/2016,1.0,1.0,170.0,25.0,-37.7475,144.8959
ID651090795,5 Kiewa St,4,h,1450000.0,22/07/2017,2.0,1.0,803.0,54.0,-37.86162,145.11042
ID606714893,9/19 Mercer Rd,3,u,735000.0,7/05/2016,2.0,1.0,2113.0,49.0,-37.8543,145.0262
ID566556044,114 Fongeo Dr,3,h,540000.0,3/09/2017,2.0,2.0,353.0,8.0,-37.9105,144.73457
ID714150622,11 Craigielea Av,2,h,610000.0,15/07/2017,1.0,2.0,419.0,44.0,-37.7398,144.80348
ID715984680,158 Keele St,3,h,1309000.0,13/05/2017,1.0,0.0,168.0,24.0,-37.7975,144.9924
ID793576777,10 Normanby St,4,h,1150000.0,15/10/2016,2.0,1.0,481.0,109.0,-37.7709,144.9151
ID804474107,106 Parer Rd,3,h,790000.0,18/03/2017,1.0,3.0,614.0,24.0,-37.7194,144.8827
ID378931242,3 Clairmont St,3,h,787000.0,3/06/2017,1.0,3.0,716.0,64.0,-37.77917,144.81407
ID578152922,1/141 Anderson Rd,2,u,420000.0,13/05/2017,1.0,1.0,192.0,49.0,-37.7832,144.8275
ID281267313,2 Fordham Rd,4,h,741000.0,6/05/2017,1.0,2.0,659.0,8.0,-37.7148,145.019
ID938476235,75 West St,3,h,800000.0,10/12/2016,2.0,2.0,565.0,59.0,-37.7094,144.9377
ID271233335,16 Birdwood St,4,h,1186000.0,28/05/2016,1.0,2.0,895.0,79.0,-37.7285,144.9964
ID509669041,10 Wickham Rd,4,h,1125000.0,23/09/2017,1.0,1.0,700.0,69.0,-37.94312,145.0244
ID488111413,203/551 Flinders La,1,u,275000.0,22/04/2017,1.0,0.0,0.0,19.0,-37.8199,144.9558
ID915201992,11 Gaskell Ct,3,h,820000.0,17/06/2017,2.0,2.0,530.0,12.0,-37.88893,144.7866
ID272752121,29 Livingstone St,4,h,1350000.0,3/06/2017,1.0,2.0,587.0,48.0,-37.76737,145.03943999999996
ID410591260,6 Everest Ct,3,h,596000.0,16/09/2017,1.0,2.0,570.0,79.0,-37.66422,144.99893
ID531114445,329 George St,4,h,1924500.0,3/09/2016,4.0,2.0,1157.0,99.0,-37.7779,145.127
ID920369952,226 Union Rd,5,h,2200000.0,3/09/2016,3.0,2.0,735.0,99.0,-37.8175,145.0987
ID318940592,146 Cornwall Rd,3,h,590000.0,16/07/2016,1.0,1.0,438.0,69.0,-37.7804,144.8425
ID752482274,2/119 Marlborough St,2,u,655000.0,18/06/2016,1.0,1.0,154.0,19.0,-37.9079,145.0685
ID505436314,11 Vincent St,4,h,3400000.0,3/09/2016,3.0,2.0,856.0,99.0,-37.8628,145.0436
ID889253620,58 Tarella Dr,3,h,580000.0,3/06/2017,1.0,4.0,677.0,89.0,-37.72188,144.81489
ID702764653,26 Octantis St,4,h,1390000.0,8/07/2017,3.0,2.0,664.0,41.0,-37.77813,145.16558
ID768382878,9/63 Ormond Rd,2,u,550000.0,6/08/2016,1.0,1.0,0.0,59.0,-37.8839,144.9855
ID986178909,6 Sproul St,3,h,520000.0,25/02/2017,1.0,1.0,535.0,79.0,-37.757,144.8313
ID423331024,2/33 Cluden St,2,u,903000.0,27/11/2016,1.0,1.0,171.0,49.0,-37.9125,145.0114
ID438983472,40 Carlton St,3,h,660000.0,7/11/2016,1.0,0.0,580.0,13.0,-37.7804,144.8481
ID855454607,2/11 French St,3,u,542000.0,1/07/2017,2.0,2.0,213.0,49.0,-37.677479999999996,145.01791
ID297920656,9 Ethel St,3,t,865000.0,13/05/2017,2.0,2.0,194.0,19.0,-37.7538,144.9991
ID796386283,23 Leonard St,3,h,1275000.0,24/06/2017,1.0,0.0,245.0,39.0,-37.78167,145.01316
ID255223235,91 Rathmines Rd,4,h,2350000.0,22/08/2016,2.0,2.0,556.0,119.0,-37.8204,145.0516
ID272274930,11/33 Rankins Rd,2,u,666000.0,13/08/2016,1.0,2.0,1111.0,21.0,-37.7896,144.9321
ID456587075,15 Littlewood St,3,h,2513000.0,6/05/2017,2.0,1.0,766.0,89.0,-37.9346,145.0049
ID526297251,20 Green St,4,h,2265000.0,4/03/2017,2.0,2.0,925.0,94.0,-37.7652,145.041
ID713826469,1 East St,3,t,1000000.0,27/11/2016,2.0,2.0,200.0,16.0,-37.7766,144.9277
ID973109451,3 Pembury St,3,h,485000.0,19/08/2017,2.0,1.0,321.0,6.0,-37.56937,144.90524
ID917172549,9/21 Park La,3,u,2050000.0,29/04/2017,2.0,2.0,3197.0,59.0,-37.8446,144.9844
ID836672128,2/33 Wedge St,2,u,503000.0,29/07/2017,2.0,2.0,214.0,19.0,-37.651509999999995,145.02815
ID522453959,8/251 Burke Rd,2,u,600000.0,27/06/2016,1.0,1.0,0.0,59.0,-37.8555,145.0518
ID441070731,50 Bridport St,2,h,2000000.0,16/04/2016,2.0,1.0,141.0,119.0,-37.8389,144.9612
ID854334591,2/3 Burkitt Ct,3,u,496000.0,6/08/2016,1.0,1.0,266.0,29.0,-37.7322,145.0318
ID370699481,26 Stymie St,5,h,1250000.0,17/06/2017,3.0,2.0,544.0,79.0,-37.71499,145.02966999999995
ID263559224,8 Yumbarra Pde,4,h,595000.0,27/05/2017,2.0,2.0,448.0,7.0,-37.61337,145.03606000000005
ID760858610,4/58 Bath Rd,2,u,671000.0,4/03/2017,1.0,1.0,0.0,59.0,-37.8555,145.0889
ID608393790,105/72 Cross St,1,u,375000.0,16/04/2016,1.0,1.0,0.0,99.0,-37.8006,144.881
ID903596517,1/18 Leafield St,3,u,537000.0,14/05/2016,1.0,2.0,327.0,59.0,-37.7125,145.0768
ID639094942,11 Kalista Ct,3,h,1180000.0,1/07/2017,1.0,1.0,563.0,14.0,-37.85771,145.15466
ID916108353,2A Erica St,2,h,1800000.0,27/11/2016,1.0,3.0,716.0,24.0,-37.8213,145.079
ID760771996,4/29 Champion Rd,2,u,400000.0,8/10/2016,1.0,1.0,0.0,49.0,-37.8564,144.8864
ID536327314,2/12 Ashby Gr,2,u,600000.0,23/04/2016,1.0,1.0,112.0,49.0,-37.7669,145.0521
ID622864685,13 Union St,3,h,735000.0,15/10/2016,1.0,1.0,490.0,49.0,-37.7892,144.8432
ID167826254,10 Speight St,3,h,1200000.0,20/05/2017,1.0,1.0,447.0,69.0,-37.7622,145.0074
ID509776693,13/41 Moreland St,2,u,571000.0,16/07/2016,2.0,1.0,0.0,6.0,-37.8025,144.9073
ID614414925,31 Rubens Gr,5,h,2900000.0,7/05/2016,2.0,2.0,795.0,109.0,-37.8181,145.0668
ID141431265,32 Chadstone Rd,3,h,2250000.0,6/05/2017,1.0,2.0,840.0,69.0,-37.883,145.0791
ID323418201,4/67 Hoffmans Rd,2,u,457000.0,4/06/2016,1.0,1.0,0.0,44.0,-37.7467,144.8906
ID569470660,1001/639 Little Bourke St,2,u,470000.0,18/03/2017,1.0,2.0,0.0,102.0,-37.816,144.9535
ID650016046,19 Balcombe St,3,h,555000.0,4/06/2016,1.0,1.0,565.0,79.0,-37.7781,144.8451
ID942565443,6 Hamilton St,3,h,2275000.0,17/09/2016,2.0,1.0,359.0,19.0,-37.8965,145.0022
ID843402767,27 Beuron Rd,3,h,1001000.0,16/09/2017,1.0,2.0,667.0,119.0,-37.828720000000004,144.84558
ID138236766,1/28 Nevis St,2,u,700000.0,27/11/2016,1.0,1.0,631.0,49.0,-37.8434,145.08100000000005
ID734054856,49 Service St,4,h,1740000.0,27/11/2016,3.0,2.0,414.0,69.0,-37.9401,145.0083
ID337930048,3/5 Florence Rd,3,t,865000.0,25/02/2017,1.0,1.0,217.0,49.0,-37.8275,145.1032
ID641995164,2 Collett St,3,h,840000.0,15/07/2017,1.0,0.0,114.0,59.0,-37.78895,144.93351
ID273522724,23A Johnson St,2,h,995000.0,8/04/2017,1.0,2.0,228.0,15.0,-37.7634,144.9985
ID554380577,26 Walter St,4,h,1440000.0,19/11/2016,3.0,4.0,672.0,59.0,-37.8536,144.8734
ID545381980,1A Rosemary Gr,3,t,1333000.0,16/09/2017,2.0,1.0,344.0,54.0,-37.85289,145.0944
ID664498833,1/59 Leicester St,3,t,1520000.0,12/11/2016,2.0,2.0,0.0,129.0,-37.7951,144.9776
ID153334198,9/11 Smith St,2,u,525000.0,13/05/2017,1.0,1.0,0.0,8.0,-37.7912,144.9318
ID809154264,2 Ajax Cl,4,h,720000.0,9/09/2017,2.0,2.0,660.0,34.0,-37.720859999999995,144.79399999999995
ID894333093,44 Milton Pde,3,h,780000.0,3/06/2017,1.0,1.0,546.0,129.0,-37.69388,145.06463
ID752158060,7/53 Wattletree Rd,1,u,390000.0,14/05/2016,1.0,0.0,881.0,119.0,-37.8614,145.0222
ID337882529,10A Coniston Av,3,t,780000.0,29/07/2017,2.0,1.0,195.0,14.0,-37.7325,144.88272
ID627642620,907/341 Ascot Vale Rd,2,u,439000.0,8/04/2017,1.0,1.0,0.0,14.0,-37.7679,144.9245
ID880252838,54 Rosslyn Av,3,h,725000.0,15/07/2017,1.0,1.0,769.0,39.0,-38.118,145.13015
ID757331301,17 View St,3,h,3725000.0,13/05/2017,2.0,2.0,857.0,139.0,-37.8203,145.0785
ID978466807,17 Kalawar Av,3,h,762000.0,15/07/2017,2.0,2.0,792.0,39.0,-37.82809,145.29287
ID929732394,5/11 Albion St,2,u,497500.0,28/08/2016,0.0,0.0,0.0,91.0,-37.8739,144.9929
ID311285799,17 Longmuir Rd,3,h,785000.0,4/03/2017,1.0,2.0,0.0,49.0,-37.7114,145.0885
ID158824368,19 Myrtle St,4,h,1470000.0,15/10/2016,2.0,1.0,694.0,69.0,-37.7565,145.0506
ID899094320,110 Vale St,2,h,4525000.0,3/12/2016,2.0,1.0,220.0,129.0,-37.8181,144.9879
ID666741393,4 Hillard St,3,h,1690000.0,24/06/2017,1.0,2.0,706.0,89.0,-37.88066,145.06605
ID859616514,17 Bannister St,4,h,618000.0,20/05/2017,1.0,2.0,604.0,49.0,-37.6875,144.9102
ID653604631,6/285 Barkly St,1,u,450000.0,18/06/2016,1.0,1.0,0.0,10.0,-37.8731,144.9799
ID231641732,36 Scott Gr,3,h,690000.0,27/11/2016,1.0,2.0,556.0,49.0,-37.7174,145.0361
ID128356807,53 Scott Gr,2,h,731000.0,11/03/2017,1.0,0.0,640.0,19.0,-37.717,145.0312
ID694213379,225 Gillies St,3,h,1055000.0,27/06/2016,1.0,2.0,382.0,69.0,-37.7696,145.0188
ID503094458,1 Fuller St,4,h,1351000.0,28/05/2016,2.0,2.0,740.0,54.0,-37.7781,145.0901
ID522958365,1/2 Kitchener St,3,t,1260000.0,27/06/2016,2.0,2.0,284.0,29.0,-37.7966,145.048
ID613209427,3/201 Rosanna Rd,3,u,600000.0,14/05/2016,2.0,2.0,169.0,9.0,-37.7415,145.0726
ID419373474,14 Ward St,3,h,1700000.0,24/06/2017,1.0,1.0,118.0,99.0,-37.83347,144.95692
ID299235510,3 Parramatta Rd,3,h,452000.0,22/07/2017,1.0,3.0,567.0,39.0,-37.88666,144.66149
ID651119927,1 Marriage Rd,4,h,1815000.0,22/05/2016,2.0,2.0,732.0,22.0,-37.9184,145.007
ID457761327,3/61 Mount Pleasant Rd,2,u,725000.0,29/07/2017,1.0,2.0,848.0,99.0,-37.82577,145.17896000000005
ID875065995,44 Shaw St,3,h,1305000.0,26/08/2017,1.0,3.0,650.0,69.0,-37.74009,144.88736
ID756228314,32 Moira Av,4,h,785000.0,23/09/2017,2.0,2.0,534.0,21.0,-37.69583,144.98056
ID664651772,14/1102 Lygon St,1,u,437000.0,24/09/2016,1.0,1.0,0.0,49.0,-37.7798,144.9707
ID320319111,13 Whitby St,3,h,767000.0,19/11/2016,1.0,2.0,561.0,69.0,-37.7098,145.0031
ID943741047,4/426 Buckley St,3,t,730000.0,18/06/2016,2.0,2.0,0.0,4.0,-37.7532,144.8848
ID731926142,36 Ogrady St,2,h,1620000.0,15/10/2016,1.0,2.0,251.0,129.0,-37.787,144.9988
ID214014101,1/2 Dubbo St,3,u,675000.0,9/09/2017,1.0,1.0,284.0,2.0,-37.77933,144.81679
ID615563305,8/25 Omama Rd,1,u,295000.0,29/07/2017,1.0,1.0,0.0,49.0,-37.89022,145.07333
ID331965993,40 Hughes Pde,4,h,770000.0,4/03/2017,1.0,2.0,855.0,89.0,-37.6997,145.0043
ID456459558,1/59 Middle Rd,2,t,675000.0,15/07/2017,1.0,2.0,198.0,10.0,-37.76703,144.88915
ID157346659,3/11 Oriel Rd,3,t,890000.0,4/06/2016,2.0,2.0,249.0,14.0,-37.766,145.0345
ID451496800,46 Tinning St,2,h,765000.0,28/05/2016,1.0,1.0,199.0,139.0,-37.759,144.9597
ID391017616,18/55 Moreland St,3,u,855000.0,17/06/2017,2.0,2.0,0.0,49.0,-37.804429999999996,144.90642
ID164216298,12/41 Kooyong Rd,2,u,620000.0,19/11/2016,1.0,1.0,0.0,49.0,-37.8596,145.0198
ID810336920,17 Payne St,3,h,586000.0,23/09/2017,1.0,1.0,534.0,59.0,-37.686409999999995,144.88487
ID621346128,34 Stanford Cl,3,h,670000.0,16/09/2017,2.0,2.0,350.0,59.0,-37.69592,144.96381
ID317111551,4/78 Dendy St,3,h,1390000.0,4/03/2017,1.0,2.0,340.0,44.0,-37.9205,145.0007
ID998375793,87 Mills St,3,h,2120000.0,17/06/2017,1.0,3.0,753.0,85.0,-37.93649,145.01107
ID982420375,3/10 Kendall St,2,u,702500.0,4/03/2017,1.0,1.0,168.0,11.0,-37.758,144.9311
ID189489181,742 Barkly St,3,h,1415000.0,4/02/2016,1.0,6.0,970.0,64.0,-37.7958,144.8645
ID841370428,4 Longview Rd,3,h,515000.0,19/08/2017,1.0,0.0,915.0,49.0,-37.78495,145.3919
ID697414653,18 Francis St,2,h,780000.0,20/05/2017,1.0,1.0,433.0,79.0,-37.7521,145.0516
ID561554864,88 Perry St,4,h,1730000.0,15/10/2016,2.0,2.0,490.0,12.0,-37.7749,145.0242
ID278611944,171 Moreland Rd,4,h,145000.0,4/06/2016,1.0,1.0,536.0,109.0,-37.7555,144.9658
ID254495332,20 Ajax St,4,h,1620000.0,16/07/2016,2.0,1.0,654.0,59.0,-37.7885,145.0854
ID588909326,2/17 Anderson Rd,3,t,525000.0,1/07/2017,2.0,1.0,177.0,59.0,-37.79408,144.82613999999995
ID264405745,12/219 Williams Rd,1,u,310000.0,12/11/2016,1.0,1.0,0.0,69.0,-37.8444,145.0037
ID934784469,2/50 Jackson St,3,u,700000.0,18/06/2016,1.0,1.0,202.0,43.0,-37.7389,144.887
ID876342223,176 Peel St,5,h,2550000.0,18/06/2016,4.0,2.0,597.0,3.0,-37.7937,145.0353
ID607826348,24/1 Muir St,3,h,1100000.0,15/07/2017,2.0,1.0,109.0,20.0,-37.81442,145.01531
ID319431026,118 Ludstone St,2,h,1615000.0,12/11/2016,1.0,1.0,801.0,85.0,-37.9348,145.0162
ID484769060,4 Milleara Rd,4,t,886000.0,10/12/2016,3.0,1.0,322.0,69.0,-37.7293,144.8659
ID136353648,10 Yuluma Ct,4,h,600500.0,22/07/2017,2.0,2.0,580.0,59.0,-38.13805,145.16668
ID994637807,8/569 Orrong Rd,1,u,324000.0,16/04/2016,1.0,1.0,0.0,119.0,-37.8537,145.0114
ID668161196,8 Merbein St,3,h,683500.0,14/05/2016,1.0,2.0,590.0,79.0,-37.717,144.9507
ID939286034,37 Roberts St,3,h,891000.0,18/06/2016,3.0,1.0,292.0,21.0,-37.7505,144.8657
ID930739042,49 Kent Rd,2,h,860000.0,24/06/2017,1.0,4.0,609.0,12.0,-37.720909999999996,144.94601
ID779498313,8 Graham Rd,3,h,810000.0,6/05/2017,1.0,1.0,667.0,89.0,-37.743,145.0839
ID877073779,7 Wattlebird Ct,4,h,2000000.0,7/05/2016,3.0,2.0,928.0,23.0,-37.842,145.102
ID143642827,126 Mills St,2,h,1535000.0,1/07/2017,1.0,0.0,171.0,119.0,-37.8481,144.9566
ID775849840,4/44 Victoria St,2,u,653000.0,10/09/2016,1.0,1.0,129.0,7.0,-37.7422,144.9606
ID307578843,1/35 Marne St,3,u,1630000.0,10/09/2016,1.0,1.0,0.0,39.0,-37.8359,144.9839
ID982498049,24 Epstein St,2,h,650000.0,15/10/2016,1.0,1.0,750.0,49.0,-37.7092,144.9933
ID807047596,25 Bruce St,3,h,690000.0,26/08/2017,1.0,2.0,535.0,89.0,-37.67324,145.03513
ID481928143,190 Southern Rd,3,h,710000.0,27/11/2016,2.0,4.0,1.0,59.0,-37.7411,145.0394
ID871485719,5 Ballarat Rd,2,h,610000.0,19/08/2017,1.0,2.0,208.0,44.0,-37.78865,144.88276000000005
ID824518904,28 Higgins Cl,4,h,915000.0,12/08/2017,2.0,2.0,649.0,39.0,-37.971579999999996,145.12634
ID130716547,1/37 Myrtle St,3,t,1010000.0,10/12/2016,2.0,2.0,314.0,16.0,-37.7554,145.0516
ID273299871,82/390 Toorak Rd,3,u,1072000.0,13/08/2016,0.0,0.0,0.0,49.0,-37.8407,145.0043
ID222290962,28 Millicent St,4,h,1775000.0,16/09/2017,2.0,2.0,1240.0,69.0,-37.74085,145.07055
ID664651772,14/1102 Lygon St,1,u,437000.0,24/09/2016,1.0,1.0,0.0,49.0,-37.7798,144.9707
ID649570580,11 Dummett Av,4,h,576000.0,22/07/2017,2.0,1.0,570.0,34.0,-37.87185,144.68931
ID297189600,3 Mell St,5,h,2170000.0,17/09/2016,1.0,0.0,333.0,49.0,-37.8474,145.0063
ID160671470,13 Crispe St,4,h,1100000.0,3/06/2017,2.0,2.0,665.0,109.0,-37.72787,144.99423000000004
ID685704214,24a Helen Rd,2,u,617000.0,27/05/2017,2.0,1.0,306.0,8.0,-37.87275,145.26325
ID465675770,28 Greenwood Dr,3,h,805000.0,1/07/2017,1.0,2.0,669.0,49.0,-37.70834,145.05424
ID625647087,9/35 Powlett St,2,u,872000.0,28/05/2016,0.0,0.0,0.0,89.0,-37.8154,144.9851
ID226473011,61 Osborne St,3,h,2395000.0,18/03/2017,1.0,2.0,442.0,49.0,-37.8432,144.9906
ID368540142,5 Carrington St,4,h,1850000.0,7/11/2016,2.0,2.0,619.0,29.0,-37.8025,145.0843
ID579498431,147 Gillies St,3,h,1375000.0,28/08/2016,1.0,1.0,496.0,109.0,-37.7737,145.018
ID179077193,6/55 Provost St,2,u,640000.0,8/10/2016,2.0,1.0,0.0,13.0,-37.802,144.9459
ID832727566,3/11 Ormond Rd,2,u,410000.0,26/07/2016,1.0,1.0,0.0,49.0,-37.903,145.0452
ID536426801,17B McFarlane St,2,h,1085000.0,18/03/2017,2.0,1.0,152.0,44.0,-37.7661,145.0001
ID138078619,11 Maireana St,4,h,1085000.0,3/06/2017,2.0,2.0,238.0,12.0,-37.7833,144.89717
ID870315186,1 Riverpark Dr,4,h,1055000.0,8/07/2017,2.0,2.0,652.0,22.0,-37.87325,145.23244
ID117889962,1/38 Neville St,3,u,1170000.0,10/09/2016,1.0,2.0,0.0,94.0,-37.8977,145.0493
ID234231762,4 Short St,3,h,746000.0,16/09/2017,1.0,1.0,400.0,69.0,-37.80954000000001,145.25538
ID878576462,30 Rowena Pde,3,h,1345000.0,27/06/2016,1.0,1.0,209.0,119.0,-37.8206,144.9913
ID287025344,59 Heath St,3,h,1670000.0,16/04/2016,2.0,1.0,140.0,139.0,-37.8353,144.9442
ID836334552,57 Frensham Rd,3,h,581000.0,3/12/2016,2.0,2.0,567.0,49.0,-37.7148,145.0851
ID312055363,32 Lobb St,3,t,820000.0,25/02/2017,2.0,2.0,4668.0,8.0,-37.7687,144.9649
ID821349021,2 Hazel Gr,2,h,915000.0,10/12/2016,1.0,3.0,629.0,44.0,-37.7312,144.9399
ID459331863,13 Nutwood St,4,h,755000.0,12/08/2017,2.0,2.0,479.0,24.0,-37.70952,145.033
ID197163083,17 Wicklow St,3,h,881000.0,15/07/2017,1.0,1.0,480.0,12.0,-37.71893,144.94246
ID566556044,114 Fongeo Dr,3,h,540000.0,3/09/2017,2.0,2.0,353.0,8.0,-37.9105,144.73457
ID638514304,8/300 Racecourse Rd,1,u,395000.0,25/02/2017,1.0,1.0,818.0,139.0,-37.788000000000004,144.9306
ID652482201,1/142 Derby St,3,h,585000.0,13/05/2017,1.0,1.0,0.0,19.0,-37.7243,144.9473
ID276881255,53 Molden St,2,u,761000.0,16/07/2016,1.0,2.0,282.0,13.0,-37.9073,145.0599
ID858263911,29 Orbital Dr,4,h,1095000.0,15/10/2016,3.0,5.0,654.0,44.0,-37.7392,144.8299
ID481430167,14 Glenauburn Rd,5,h,800000.0,17/06/2017,2.0,2.0,864.0,7.0,-37.72754000000001,145.11021000000005
ID505067187,32 Hooker Rd,3,h,515000.0,23/09/2017,2.0,1.0,517.0,34.0,-37.89423,144.64131
ID635696548,10 Murphy St,4,h,965000.0,15/10/2016,1.0,4.0,851.0,59.0,-37.8345,144.8444
ID296195241,50 Church St,2,h,1385000.0,26/08/2017,1.0,0.0,176.0,129.0,-37.78852,144.97871999999995
ID243761027,14/10 Claude St,2,t,386000.0,15/07/2017,1.0,1.0,150.0,49.0,-38.12477,145.13668
ID649625833,24 Kurrajong St,3,h,950000.0,28/05/2016,1.0,1.0,598.0,59.0,-37.9129,145.0786
ID593373595,13 Bruce St,3,h,1900000.0,19/11/2016,2.0,1.0,268.0,119.0,-37.8369,145.0072
ID492409481,173 Queen St,3,h,1335000.0,8/10/2016,1.0,4.0,777.0,66.0,-37.8697,144.8249
ID438076757,55 Parer St,4,t,900000.0,22/05/2016,3.0,2.0,381.0,6.0,-37.8459,145.1041
ID803284837,4/39 Kokaribb Rd,2,u,588000.0,16/07/2016,1.0,1.0,133.0,8.0,-37.89,145.0559
ID578469269,1/6 Burvale Ct,3,t,555000.0,27/05/2017,2.0,2.0,286.0,11.0,-37.69728,144.87455
ID507376253,119 Curtain St,1,h,885000.0,18/03/2017,1.0,0.0,93.0,49.0,-37.7888,144.9698
ID929732394,5/11 Albion St,2,u,497500.0,28/08/2016,0.0,0.0,0.0,91.0,-37.8739,144.9929
ID301137342,34 Oamaru St,3,h,1160000.0,16/04/2016,3.0,2.0,425.0,99.0,-37.7684,145.0099
ID722457810,4/26 Barnett St,3,t,917500.0,20/05/2017,1.0,1.0,98.0,22.0,-37.791,144.9323
ID572866847,46 Harold St,2,h,1110000.0,14/05/2016,1.0,0.0,288.0,94.0,-37.7564,144.9971
ID934265959,63 Denbigh Rd,3,h,1900000.0,22/05/2016,1.0,2.0,328.0,119.0,-37.8559,145.0158
ID963452680,375 Waverley Rd,4,h,1675000.0,3/09/2016,2.0,4.0,727.0,26.0,-37.8779,145.0651
ID586190766,107A Charles St,3,t,1420000.0,17/06/2017,2.0,2.0,187.0,4.0,-37.84714,144.98927
ID562815224,2 Country La,3,h,1009000.0,16/09/2017,2.0,2.0,663.0,39.0,-37.7417,145.0958
ID743075132,39 Emu Pde,3,h,551000.0,4/03/2017,1.0,0.0,610.0,64.0,-37.6885,144.9092
ID235756299,32 Margaret St,4,h,1620000.0,3/09/2016,2.0,2.0,697.0,79.0,-37.8151,145.135
ID294786442,36 Bayview Rd,3,h,1085000.0,24/06/2017,1.0,1.0,297.0,99.0,-37.808279999999996,144.8856
ID627344463,39 Mirls St,4,h,1005000.0,17/06/2017,1.0,1.0,390.0,89.0,-37.84283,144.87958999999995
ID491029513,13 Mutton Rd,3,h,540000.0,7/11/2016,1.0,1.0,614.0,59.0,-37.7141,144.9677
ID458552310,43 Mayston St,3,h,1625000.0,22/05/2016,1.0,3.0,372.0,64.0,-37.8267,145.054
ID679147661,108 Willsmere Rd,3,h,1775000.0,19/08/2017,2.0,4.0,733.0,114.0,-37.79398,145.03777
ID391433853,1/2 Ellesmere Rd,3,u,835000.0,29/07/2017,2.0,2.0,347.0,19.0,-37.853770000000004,145.15511999999995
ID610546082,5 Halpin St,3,h,1200000.0,4/06/2016,1.0,1.0,600.0,49.0,-37.769,144.9478
ID509912156,36 Meek St,3,h,2140000.0,8/04/2017,2.0,2.0,393.0,139.0,-37.902,144.9922
ID781853318,8/19 Mercer Rd,2,u,599000.0,3/09/2016,1.0,1.0,0.0,55.0,-37.8543,145.0262
ID283821630,4 Prismall St,3,h,988000.0,22/08/2016,1.0,4.0,715.0,11.0,-37.8423,144.8632
ID422163858,6212/172 Edward St,2,u,590000.0,17/09/2016,2.0,1.0,0.0,5.0,-37.7753,144.9725
ID778547777,16 William St,2,h,1310000.0,15/10/2016,1.0,2.0,238.0,129.0,-37.809,144.9976
ID182181997,42 Snowdon Dr,3,h,975000.0,26/08/2017,2.0,2.0,595.0,49.0,-37.97334,145.08192
ID770374866,1 Bolinda Rd,3,h,1700000.0,13/08/2016,2.0,3.0,763.0,59.0,-37.7935,145.0865
ID320344058,1a Benina St,2,u,860000.0,22/07/2017,1.0,1.0,230.0,29.0,-37.9236,145.05913
ID637619747,37 Thompson St,4,h,1715000.0,3/12/2016,2.0,2.0,705.0,97.0,-37.9035,145.028
ID550297073,23 Overland Dr,4,h,1208000.0,17/06/2017,2.0,2.0,785.0,44.0,-37.86343,145.18542
ID170391305,15 Gilbert Pde,3,h,1650000.0,12/08/2017,2.0,2.0,456.0,69.0,-37.84349,145.07367
ID491762983,29 Faussett St,2,h,2120000.0,10/09/2016,1.0,1.0,199.0,119.0,-37.8422,144.9554
ID458866046,1 Granville St,3,h,932000.0,9/09/2017,1.0,1.0,639.0,83.0,-37.70234,144.92123
ID784050369,2/9 Buckland St,2,u,503000.0,10/12/2016,1.0,1.0,0.0,59.0,-37.7822,144.9342
ID427056632,2/35 Porter Rd,2,u,605000.0,19/11/2016,1.0,1.0,166.0,11.0,-37.7416,145.0567
ID689611225,11/6 Byron St,1,u,313000.0,25/02/2017,1.0,1.0,0.0,59.0,-37.8766,144.991
ID894523096,46 Wilson St,2,h,1150000.0,29/07/2017,1.0,2.0,591.0,69.0,-37.94763,145.02716999999996
ID831053889,16 Josephine Gr,2,h,1088000.0,22/08/2016,1.0,2.0,712.0,91.0,-37.7354,145.015
ID160225057,18 Creswick Dr,4,h,765000.0,16/09/2017,2.0,2.0,612.0,15.0,-37.88177,144.74221
ID154949472,9/457 St Kilda St,2,u,695000.0,8/04/2017,1.0,1.0,845.0,49.0,-37.8888,144.991
ID900239227,76 Kenmare St,2,h,650000.0,26/08/2017,1.0,1.0,210.0,13.0,-37.70657,145.07878
ID692042832,8 Pescott Cl,4,t,1270000.0,18/06/2016,2.0,2.0,399.0,14.0,-37.8597,145.1084
ID979803834,60 Teague St,3,h,1200000.0,8/04/2017,1.0,1.0,650.0,64.0,-37.7436,144.8856
ID651547178,2/64 Dinah Pde,3,t,480000.0,3/12/2016,2.0,1.0,184.0,7.0,-37.7424,144.8639
ID634316483,55 Milroy St,5,h,1900000.0,29/04/2017,3.0,2.0,583.0,10.0,-37.9057,145.0101
ID924233451,12 Wills St,5,h,2450000.0,28/05/2016,2.0,2.0,981.0,59.0,-37.8058,145.0627
ID310649713,11 Caldwell St,3,h,721000.0,8/10/2016,1.0,2.0,674.0,43.0,-37.7102,144.9362
ID816982886,8 Raven St,3,h,1423000.0,8/07/2017,2.0,2.0,643.0,41.0,-37.79357,145.15318
ID849040862,18 Avoca St,4,h,5700000.0,12/11/2016,2.0,0.0,292.0,139.0,-37.8377,144.9894
ID211576962,75 Orange St,3,h,1140000.0,18/06/2016,1.0,3.0,701.0,39.0,-37.9178,145.0815
ID766036063,2 Kelvin Cl,4,h,1080000.0,17/09/2016,3.0,2.0,539.0,43.0,-37.7444,144.8847
ID928210639,34 Bliburg St,4,h,650000.0,1/07/2017,1.0,1.0,692.0,59.0,-37.6876,144.91167
ID335448153,167 Alexandra Pde,2,h,846000.0,8/04/2017,1.0,0.0,160.0,139.0,-37.7933,144.9824
ID517219872,10 Deakin St,3,h,850000.0,27/11/2016,2.0,1.0,580.0,49.0,-37.753,144.891
ID999832042,3/260 Rathmines St,3,t,846000.0,8/10/2016,1.0,1.0,185.0,29.0,-37.7665,145.0175
ID163128716,7 Cartwright St,4,h,1350000.0,4/03/2017,2.0,2.0,590.0,64.0,-37.7151,144.9194
ID327101815,63 Kenny St,3,h,700000.0,12/08/2017,2.0,4.0,673.0,39.0,-37.67558,144.8976
ID310425587,13 Tasker St,3,h,1010000.0,16/04/2016,2.0,2.0,751.0,51.0,-37.77,145.1025
ID579395955,1/43 Abbotsford St,2,u,505000.0,27/05/2017,1.0,1.0,0.0,49.0,-37.80206,145.00015
ID711581351,20 Ruskin Rd,3,h,1880000.0,18/06/2016,2.0,2.0,668.0,99.0,-37.8489,145.0711
ID730807308,33 Spencer St,4,h,1340000.0,10/12/2016,1.0,2.0,0.0,49.0,-37.76300000000001,144.9966
ID585916935,55 Keon Pde,2,h,680000.0,9/09/2017,1.0,2.0,576.0,54.0,-37.69573,145.01689
ID998993510,37 Waltham St,2,h,1225000.0,9/09/2017,1.0,1.0,150.0,129.0,-37.78363,144.92997
ID922816573,54 Meadowgate Dr,3,h,640000.0,12/08/2017,2.0,2.0,945.0,69.0,-37.75735,145.31859
ID510109461,89a Kerferd St,3,u,801000.0,3/09/2017,2.0,1.0,256.0,19.0,-37.73594,144.89928999999995
ID179255579,7 Alfred Pl,3,h,1200000.0,8/07/2017,2.0,0.0,159.0,49.0,-37.85843,144.89976000000001
ID259149713,1/12 Burrows St,2,u,905500.0,16/07/2016,1.0,1.0,122.0,99.0,-37.9188,144.9942
ID340983794,7 Pumice Ct,3,h,960000.0,26/08/2017,2.0,2.0,404.0,10.0,-37.73977,144.87734
ID856244335,171 Sterling Dr,3,h,695000.0,27/06/2016,1.0,3.0,0.0,59.0,-37.7483,144.85
ID543200213,239 Chesterville Rd,3,h,860000.0,22/04/2017,1.0,2.0,601.0,49.0,-37.9409,145.0602
ID756895318,3/13 Emily St,2,u,510000.0,4/03/2017,1.0,1.0,0.0,49.0,-37.8912,145.0644
ID585199149,30 Abbott St,5,h,1550000.0,28/05/2016,2.0,0.0,942.0,39.0,-37.7923,145.1029
ID439012216,1 Highgate St,4,h,985500.0,13/05/2017,1.0,5.0,445.0,42.0,-37.8228,144.8769
ID616726154,13 Cher Av,4,t,685000.0,12/08/2017,2.0,1.0,287.0,29.0,-37.69382,145.04831000000001
ID999759966,12/238 The Avenue,3,u,1360000.0,3/12/2016,2.0,1.0,0.0,10.0,-37.7818,144.9576
ID853887350,40 Metung St,5,h,2800000.0,4/06/2016,3.0,2.0,678.0,18.0,-37.8048,145.0708
ID805998014,60 Baird St,3,h,1860000.0,6/08/2016,2.0,2.0,686.0,71.0,-37.9241,145.0125
ID888652195,80 Dover St,3,t,1017500.0,19/08/2017,2.0,2.0,459.0,16.0,-37.78273,144.92358000000004
ID368758533,9 Dunoon Ct,3,h,1590000.0,3/09/2017,2.0,3.0,594.0,94.0,-37.91166,145.02265
ID878296401,11 Jindalee Cl,5,h,870000.0,1/07/2017,2.0,2.0,733.0,33.0,-37.91894,145.24305
ID279829543,122 Victoria Rd,5,h,2775000.0,22/05/2016,3.0,2.0,864.0,64.0,-37.8231,145.0535
ID381868735,7/27 High St,3,t,1310000.0,15/10/2016,2.0,2.0,330.0,18.0,-37.8167,145.107
ID538445142,2/6 Redan St,2,u,481000.0,16/07/2016,1.0,1.0,0.0,53.0,-37.8596,144.9889
ID263985106,2 Homebush Cr,3,h,2710000.0,9/09/2017,1.0,3.0,615.0,49.0,-37.82425,145.05552
ID974049191,9 Baldwin St,2,h,1480000.0,12/08/2017,1.0,2.0,369.0,94.0,-37.85459,145.02147
ID649435558,5 Katrina Cl,3,h,662500.0,1/07/2017,2.0,2.0,649.0,19.0,-38.00022,145.2709
ID146916863,401/228 The Avenue,3,u,1770000.0,3/06/2017,2.0,1.0,2431.0,20.0,-37.78212,144.95755
ID390599525,15 Carnon St,3,h,895000.0,24/06/2017,2.0,2.0,1036.0,65.0,-37.69538,145.11543
ID888168551,3 Walkers Rd,4,h,845000.0,3/06/2017,2.0,2.0,633.0,89.0,-38.0781,145.12429
ID552101657,14 Scarborough Dr,4,h,1362000.0,24/09/2016,2.0,2.0,635.0,9.0,-37.7446,145.0844
ID397653270,13 Camelia St,5,h,520000.0,27/05/2017,2.0,3.0,545.0,47.0,-37.7323,144.77861000000001
ID467351916,903 Rathdowne St,3,h,1840000.0,17/06/2017,1.0,1.0,311.0,99.0,-37.78305,144.97268
ID788496789,2/2 Harrison St,3,h,720000.0,25/02/2017,2.0,1.0,231.0,7.0,-37.7527,145.0392
ID486685121,40 Tarrengower St,2,h,760000.0,3/09/2016,1.0,1.0,134.0,69.0,-37.8176,144.8911
ID810499528,117A Willsmere Rd,3,h,1110000.0,27/05/2017,2.0,2.0,200.0,24.0,-37.7948,145.0364
ID758224822,4 Greenhill Ct,5,h,1336000.0,4/03/2017,3.0,3.0,736.0,39.0,-37.7683,145.0881
ID619026821,9a The Crossway,3,h,650000.0,7/05/2016,2.0,2.0,3977.0,6.0,-37.747,144.8663
ID797733698,5 Byron Ct,3,h,650000.0,8/07/2017,2.0,2.0,1103.0,43.0,-37.78695,145.32513
ID424739664,3/38 Barkly St,2,u,503500.0,16/04/2016,1.0,1.0,683.0,79.0,-37.8594,144.9828
ID784861924,6/112 Ballantyne St,1,u,260000.0,10/09/2016,1.0,1.0,0.0,49.0,-37.7574,144.9907
ID651747769,1/31 Kenilworth St,1,u,270000.0,24/06/2017,1.0,1.0,0.0,39.0,-37.714079999999996,145.00441
ID860181731,2/746 Barkly St,2,t,520000.0,16/07/2016,1.0,1.0,148.0,109.0,-37.7956,144.8641
ID216796810,6 Clyde St,3,h,1050000.0,1/07/2017,2.0,1.0,563.0,15.0,-37.769,144.89934
ID781602753,82 Parkhill Rd,3,h,1420000.0,28/08/2016,2.0,2.0,275.0,20.0,-37.8052,145.0489
ID183300435,28 Martin Rd,3,h,1601000.0,20/05/2017,1.0,2.0,453.0,89.0,-37.8487,145.0592
ID209396068,9 Gresford St,3,h,630000.0,10/12/2016,1.0,4.0,625.0,29.0,-37.7695,144.8347
ID917673322,18 Simpson St,4,h,736000.0,12/11/2016,1.0,2.0,615.0,64.0,-37.7675,144.8414
ID867921817,310 Riversdale Rd,3,h,1450000.0,7/05/2016,2.0,2.0,466.0,104.0,-37.8305,145.0475
ID805083220,64 Malpas St,4,h,1082000.0,4/03/2017,2.0,3.0,534.0,69.0,-37.7339,145.0189
ID183039675,17/165 North Rd,3,u,447000.0,22/07/2017,1.0,2.0,230.0,17.0,-38.16404,145.18781
ID448860381,2/35 Powlett St,2,u,900000.0,25/02/2017,1.0,1.0,0.0,49.0,-37.8154,144.9851
ID805526119,8 Centenary Cr,3,h,383000.0,22/07/2017,1.0,2.0,548.0,59.0,-37.8889,144.65743999999995
ID555608417,20 Astley St,4,h,1209000.0,26/07/2016,2.0,2.0,770.0,54.0,-37.7617,145.1065
ID278927750,1/49 Hamilton St,2,u,591000.0,30/07/2016,1.0,1.0,269.0,69.0,-37.74,144.8851
ID572370054,18 Valencia St,5,h,1472000.0,22/07/2017,3.0,2.0,486.0,49.0,-37.761109999999995,144.89845
ID858894428,7A Downland Sq,4,h,773000.0,24/06/2017,2.0,2.0,344.0,15.0,-37.75861,144.86687
ID817387439,30 Howell Dr,3,h,1250000.0,24/06/2017,1.0,1.0,722.0,823.0,-37.888490000000004,145.12795
ID441454074,42 Grant St,3,h,1500000.0,8/04/2017,1.0,1.0,230.0,119.0,-37.788000000000004,144.9967
ID251286884,29 Bevan St,4,h,2188000.0,19/11/2016,2.0,2.0,752.0,38.0,-37.8149,145.0747
ID596702849,319/350 Victoria St,2,u,645000.0,7/05/2016,1.0,1.0,0.0,59.0,-37.8055,144.9547
ID762314896,240 Barkly St,3,h,1275000.0,24/06/2017,1.0,1.0,406.0,119.0,-37.77655,144.96325
ID251286884,29 Bevan St,4,h,2188000.0,19/11/2016,2.0,2.0,752.0,38.0,-37.8149,145.0747
ID639134177,220 Napier St,3,h,1160000.0,27/06/2016,1.0,1.0,651.0,19.0,-37.7416,144.9204
ID708988073,14 Ebb St,3,h,970000.0,22/07/2017,2.0,2.0,612.0,59.0,-38.01596,145.09932
ID779506391,117 Pearson St,3,h,901000.0,23/04/2016,1.0,4.0,357.0,89.0,-37.762,144.9497
ID867706684,53 Dunlavin Rd,4,h,1200000.0,9/09/2017,3.0,2.0,367.0,4.0,-37.81338,145.18551000000005
ID434848441,1/3 Boldrewood Pde,3,h,500000.0,8/10/2016,1.0,1.0,320.0,15.0,-37.7248,145.023
ID914784072,11 Thornton St,4,h,890000.0,16/09/2017,2.0,2.0,1010.0,59.0,-37.728809999999996,145.13703999999996
ID547338982,564 Buckley St,3,h,630000.0,16/04/2016,2.0,1.0,221.0,39.0,-37.7504,144.8594
ID815698307,1/78 Helen St,3,h,1010000.0,15/10/2016,1.0,1.0,178.0,19.0,-37.771,144.9974
ID559476089,47 Charles St,3,h,1600000.0,22/05/2016,2.0,1.0,261.0,139.0,-37.803000000000004,144.9806
ID287520080,13 Goodman St,2,h,884000.0,22/04/2017,1.0,0.0,148.0,129.0,-37.7731,144.9568
ID153794144,292 Hyde St,3,h,750000.0,20/05/2017,2.0,1.0,390.0,39.0,-37.8227,144.8955
ID830281302,47 Hoddle St,3,h,1085000.0,27/06/2016,1.0,1.0,325.0,119.0,-37.7525,144.9232
ID597374827,21 Emerald St,3,h,820000.0,23/09/2017,1.0,2.0,493.0,21.0,-37.74305,145.01811999999995
ID876079064,8/96 Spensley St,2,u,556000.0,27/05/2017,1.0,0.0,0.0,51.0,-37.78745,145.00061000000005
ID983694670,34 Elsey Rd,3,h,750000.0,9/09/2017,1.0,3.0,611.0,89.0,-37.70486,145.01169
ID594903542,1/19 Cameron Rd,2,u,691000.0,25/02/2017,1.0,1.0,201.0,24.0,-37.7454,144.928
ID748081218,39 Gertz Av,5,h,861000.0,12/08/2017,3.0,2.0,650.0,69.0,-37.69894,145.03411
ID733855606,24 Hotham St,3,h,1630000.0,10/12/2016,2.0,0.0,408.0,119.0,-37.77,144.91299999999995
ID333007078,8 Conifer Cl,3,h,660000.0,9/09/2017,1.0,3.0,467.0,34.0,-37.69271,144.891
ID609846035,3/24 City Rd,2,u,475000.0,17/06/2017,1.0,2.0,750.0,44.0,-37.82214000000001,145.23086999999995
ID357054252,198 Page St,3,h,2350000.0,3/12/2016,1.0,2.0,277.0,119.0,-37.8516,144.9624
ID345933871,15 Ronald St,3,h,655000.0,3/12/2016,1.0,0.0,404.0,69.0,-37.7305,144.9803
ID507257397,173 Raglan St,5,h,1350000.0,24/06/2017,3.0,4.0,525.0,5.0,-37.750170000000004,145.01203999999996
ID705973140,31 Miller Gr,3,h,2310000.0,10/12/2016,1.0,2.0,782.0,99.0,-37.8107,145.0219
ID415880964,258 Napier St,3,h,2200000.0,16/04/2016,2.0,1.0,187.0,119.0,-37.8003,144.9806
ID726798704,38 Garnet St,4,h,1160000.0,28/05/2016,3.0,2.0,424.0,69.0,-37.74800000000001,144.8873
ID496793294,52 Shirley St,3,h,620000.0,22/07/2017,1.0,2.0,466.0,44.0,-37.87019,144.7843
ID759877531,1/134 Mitchell St,2,u,460000.0,13/05/2017,1.0,1.0,0.0,6.0,-37.76,144.9757
ID714033192,85 Turner St,2,h,1480000.0,3/12/2016,1.0,1.0,202.0,,-37.7996,144.9984
ID837832413,55 Booyan Cr,3,h,714000.0,12/08/2017,1.0,1.0,594.0,26.0,-37.69039,145.09753
ID428461538,38 Warwick Rd,2,h,435000.0,6/08/2016,1.0,4.0,343.0,59.0,-37.7689,144.8402
ID697761055,23/350 Toorak Rd,3,u,1235000.0,1/07/2017,2.0,1.0,0.0,19.0,-37.84024,145.00038999999995
ID367091701,14/107 Riversdale Rd,2,u,750000.0,19/11/2016,1.0,1.0,747.0,12.0,-37.8287,145.035
ID522168358,1 Marne St,4,h,2125000.0,22/05/2016,2.0,2.0,702.0,92.0,-37.8345,145.095
ID254301171,4 Milverton St,4,h,1833000.0,16/04/2016,1.0,1.0,583.0,129.0,-37.7682,144.9151
ID334539967,1/2 Gwynne St,2,u,670000.0,27/05/2017,1.0,1.0,296.0,26.0,-37.87128,145.13051000000004
ID247338976,14 Sandra Gr,3,h,1311000.0,15/10/2016,2.0,2.0,592.0,11.0,-37.933,145.0466
ID240560277,8 Dendy St,3,h,2030000.0,28/08/2016,2.0,2.0,366.0,26.0,-37.9193,144.9898
ID576470106,2/12 Randwick Dr,3,h,635000.0,8/07/2017,2.0,2.0,174.0,17.0,-37.72012,144.86149
ID438793678,111 Nepean Hwy,3,h,1060000.0,27/05/2017,2.0,1.0,306.0,44.0,-37.895070000000004,145.00477
ID436283800,1/5 The Terrace,2,u,852000.0,22/04/2017,1.0,1.0,869.0,39.0,-37.8603,145.0224
ID164180141,10 Skewes St,3,h,805000.0,27/11/2016,2.0,2.0,593.0,49.0,-37.7607,144.8581
ID222943476,36 Belford Rd,4,h,1315000.0,24/09/2016,2.0,2.0,458.0,89.0,-37.7981,145.0472
ID901631689,1/48 Kenny St,4,t,1575000.0,8/07/2017,2.0,2.0,392.0,12.0,-37.80039,145.0961
ID890436028,9/24 Ireland St,1,u,550000.0,7/05/2016,1.0,1.0,0.0,89.0,-37.8076,144.9456
ID933344621,11 Hermitage Ct,3,h,520000.0,15/07/2017,1.0,2.0,798.0,34.0,-37.65384,144.92272
ID357373407,2/19 Eildon Rd,3,t,1400000.0,7/11/2016,2.0,2.0,128.0,17.0,-37.8624,144.9768
ID722204890,13 Brooks St,4,t,1060000.0,10/12/2016,3.0,1.0,313.0,59.0,-37.9164,145.0765
ID186295819,94 Northumberland Rd,3,h,650000.0,28/08/2016,1.0,1.0,556.0,20.0,-37.7699,144.8422
ID732134732,6 Mattea Ct,3,u,672000.0,27/06/2016,1.0,2.0,855.0,7.0,-37.7328,145.0348
ID385432653,7 Leicester St,3,h,1121000.0,8/04/2017,2.0,3.0,604.0,94.0,-37.7438,144.9971
ID801292816,21 Woorite Pl,3,h,900000.0,12/11/2016,1.0,1.0,713.0,49.0,-37.7301,144.8671
ID439477127,8/19 Fletcher St,2,u,370000.0,25/02/2017,1.0,0.0,0.0,24.0,-37.7558,144.9233
ID312386160,11 Taunton St,2,h,702000.0,27/11/2016,1.0,0.0,611.0,74.0,-37.783,144.8405
ID126783609,6 Caspian Tce,4,h,1200000.0,29/04/2017,3.0,2.0,183.0,13.0,-37.8566,144.8737
ID629624329,201/65 Stawell St,2,u,800000.0,15/07/2017,2.0,2.0,0.0,11.0,-37.82201,145.0104
ID723061585,9/12 Bartlett St,2,u,400000.0,4/03/2017,1.0,1.0,0.0,59.0,-37.9367,145.0322
ID912596522,8/33 Gordon St,1,u,305000.0,17/09/2016,1.0,1.0,59.0,54.0,-37.7903,144.8899
ID474166407,2/1 Walsh St,2,u,1300000.0,8/10/2016,2.0,2.0,0.0,33.0,-37.8376,144.9847
ID352712448,28 Blair St,2,t,400000.0,24/09/2016,1.0,2.0,54.0,19.0,-37.774,144.8797
ID537423819,47 Beverley Rd,4,h,1450000.0,6/05/2017,3.0,2.0,952.0,52.0,-37.7511,145.0772
ID262425141,26 Scotia St,2,h,760000.0,3/06/2017,1.0,0.0,251.0,39.0,-37.76856,144.90577
ID377046735,1/13 Kellett St,2,u,770000.0,24/09/2016,1.0,1.0,129.0,44.0,-37.7668,145.0063
ID908819594,205/15 Pickles St,2,u,600000.0,29/04/2017,1.0,1.0,0.0,14.0,-37.8443,144.9442
ID243891156,11 Elphinstone St,3,h,820000.0,12/11/2016,1.0,3.0,440.0,69.0,-37.7937,144.8732
ID886933698,2/6 Farnsworth St,2,h,435000.0,30/07/2016,1.0,1.0,155.0,79.0,-37.7796,144.8384
ID686080024,64 Tucker Rd,3,h,1095000.0,17/09/2016,2.0,1.0,581.0,54.0,-37.9286,145.0495
ID248340130,126 Keon St,3,h,1265000.0,15/10/2016,2.0,2.0,397.0,99.0,-37.7515,144.9857
ID683132655,26 Croker St,4,t,930000.0,26/07/2016,3.0,3.0,278.0,10.0,-37.8468,144.874
ID476412995,479a Buckley St,3,h,685000.0,15/10/2016,1.0,2.0,293.0,79.0,-37.7535,144.8836
ID464374663,82 Bridgewater Rd,3,h,365000.0,17/06/2017,1.0,1.0,320.0,39.0,-37.60608,144.92841
ID129005970,3 Arnold St,3,h,650000.0,19/08/2017,1.0,1.0,650.0,54.0,-37.78651,144.81357
ID930735744,6/75 Pender St,1,u,277500.0,12/11/2016,1.0,1.0,0.0,84.0,-37.7542,145.0098
ID394166897,22 Milton Pde,3,h,2415000.0,15/10/2016,1.0,3.0,696.0,109.0,-37.8462,145.0386
ID747405783,64 Adeney Av,5,h,2660000.0,12/08/2017,2.0,2.0,696.0,79.0,-37.803470000000004,145.0489
ID120102699,40 Devereaux St,4,h,840000.0,18/06/2016,1.0,2.0,704.0,59.0,-37.7143,144.9096
ID864006831,23 Cromwell St,3,h,660000.0,28/08/2016,1.0,2.0,657.0,69.0,-37.7019,144.9225
ID956519063,9 Brooke St,2,h,1255000.0,18/03/2017,1.0,2.0,314.0,19.0,-37.7762,145.003
ID935411246,2/60 Budd St,3,t,887500.0,22/05/2016,2.0,1.0,81.0,19.0,-37.7961,144.9874
ID311297444,603/120 Palmer St,1,u,390000.0,14/05/2016,1.0,1.0,0.0,8.0,-37.8195,145.0103
ID990118012,1/33 Sheffield St,2,h,920000.0,19/11/2016,1.0,0.0,157.0,89.0,-37.7464,144.9676
ID336075973,2/21 Vickery St,2,u,410000.0,22/07/2017,1.0,1.0,834.0,52.0,-37.916270000000004,145.03892
ID755430107,13 Cumquat Ct,4,h,500000.0,29/07/2017,2.0,0.0,579.0,29.0,-38.07202,145.27369
ID592393022,24 Brooks St,4,h,1220000.0,4/06/2016,2.0,2.0,585.0,69.0,-37.9167,145.0771
ID265140922,15/262 Heidelberg Rd,2,u,548000.0,27/06/2016,1.0,1.0,0.0,5.0,-37.7845,145.0105
ID870847575,38 Bent St,2,h,1060000.0,12/08/2017,1.0,1.0,283.0,59.0,-37.76218,144.92886000000001
ID617103266,7/1 Princess St,2,t,895000.0,18/06/2016,1.0,1.0,0.0,6.0,-37.8209,145.0014
ID354055094,10 Botherambo St,2,t,1200000.0,25/02/2017,2.0,1.0,170.0,79.0,-37.8229,144.9931
ID672753691,2/170 Cecil St,2,h,1000000.0,13/05/2017,1.0,2.0,447.0,119.0,-37.8602,144.8997
ID994451369,10/24 Eldridge St,2,u,316000.0,27/06/2016,1.0,1.0,0.0,59.0,-37.789,144.8932
ID445153293,6/70 Grange Bvd,2,t,505000.0,12/08/2017,1.0,2.0,90.0,24.0,-37.70912,145.05181000000005
ID993939957,4/229 Whitehorse Rd,2,u,830000.0,27/05/2017,2.0,1.0,0.0,12.0,-37.81192,145.07506
ID506159360,105/175 Kangaroo Rd,2,u,420000.0,12/11/2016,1.0,1.0,0.0,9.0,-37.9008,145.0859
ID585199149,30 Abbott St,5,h,1550000.0,28/05/2016,2.0,0.0,942.0,39.0,-37.7923,145.1029
ID113550084,146 Ferguson St,3,h,832000.0,23/09/2017,1.0,1.0,269.0,29.0,-37.85808,144.89268
ID997653899,152 Park Dr,2,h,2200000.0,15/10/2016,2.0,1.0,190.0,144.0,-37.7928,144.9575
ID860181731,2/746 Barkly St,2,t,520000.0,16/07/2016,1.0,1.0,148.0,109.0,-37.7956,144.8641
ID864631237,196 Blyth St,5,h,1480000.0,13/05/2017,3.0,4.0,725.0,39.0,-37.8712,144.8107
ID715801015,8/772 Burwood Rd,2,u,802500.0,27/05/2017,1.0,2.0,966.0,49.0,-37.82524,145.05568
ID968873065,41 Adelaide St,3,h,760000.0,23/09/2017,1.0,1.0,697.0,69.0,-37.780359999999995,144.8195
ID198317531,8/97 Verdon St,2,u,465000.0,13/05/2017,1.0,1.0,0.0,49.0,-37.8589,144.8921
ID314986932,152 Middleborough Rd,4,h,1100000.0,16/09/2017,3.0,2.0,592.0,2.0,-37.843070000000004,145.13419
ID475826377,13 Lobelia Ct,3,h,980000.0,17/06/2017,2.0,2.0,702.0,39.0,-37.97658,145.11887
ID527483264,6 Ibis Pl,4,h,1230000.0,28/08/2016,3.0,2.0,270.0,10.0,-37.7847,144.8962
ID524610925,17/24 Dongola Rd,3,t,815000.0,8/04/2017,1.0,2.0,203.0,69.0,-37.7928,144.8811
ID528691972,35 Hunter St,3,h,1287000.0,18/03/2017,1.0,1.0,620.0,14.0,-37.9031,145.0578
ID327790426,9/58 The Avenue,1,u,412500.0,10/12/2016,1.0,1.0,0.0,49.0,-37.8533,144.9986
ID921163526,22 Tennyson St,3,h,1400000.0,7/11/2016,2.0,2.0,597.0,119.0,-37.760999999999996,144.9296
ID235643858,39 Elizabeth St,4,h,1860000.0,13/05/2017,3.0,2.0,620.0,13.0,-37.9228,145.0555
ID651899753,33 Nimmo St,2,h,1920000.0,25/02/2017,1.0,0.0,152.0,109.0,-37.8498,144.9628
ID309131804,12/27 Dickens St,2,u,855000.0,4/03/2017,1.0,1.0,1966.0,59.0,-37.8725,144.9848
ID481349710,2/23 Peace St,3,t,1315000.0,29/04/2017,2.0,2.0,184.0,49.0,-37.8644,145.063
ID650908489,38/99 Oxford St,3,u,1470000.0,16/04/2016,2.0,2.0,0.0,139.0,-37.8037,144.9846
ID328574664,7 Hylton Cr,2,h,1310000.0,15/07/2017,1.0,1.0,1313.0,30.0,-37.74694,145.07048
ID275496467,16/5 Denham St,2,u,891000.0,4/06/2016,1.0,1.0,1585.0,49.0,-37.8186,145.017
ID747118559,1 Adelle Ct,3,h,1700000.0,29/04/2017,2.0,2.0,820.0,24.0,-37.7803,145.1248
ID526794437,1/308 Canterbury Rd,2,u,805000.0,13/08/2016,1.0,2.0,297.0,119.0,-37.8255,145.092
ID875065995,44 Shaw St,3,h,1305000.0,26/08/2017,1.0,3.0,650.0,69.0,-37.74009,144.88736
ID483110368,8/24 Fitzgerald St,2,u,623500.0,7/05/2016,1.0,1.0,0.0,49.0,-37.8426,144.993
ID180215671,2 Roy St,4,h,550000.0,4/03/2017,2.0,1.0,683.0,2.0,-37.6964,144.9314
ID746899459,14 Park Rd,3,h,1135000.0,25/02/2017,1.0,2.0,414.0,49.0,-37.8365,145.11
ID491344745,23 Bevan Ct,5,h,660000.0,1/07/2017,2.0,2.0,571.0,8.0,-37.89467,144.72018
ID311696463,22 Hazel Dr,3,h,838000.0,28/05/2016,2.0,1.0,467.0,54.0,-37.7699,145.1081
ID187398028,53 Milne St,3,h,1350000.0,3/06/2017,2.0,2.0,809.0,44.0,-37.75289,145.12826
ID895782859,1/50 Valiant St,4,t,1525000.0,12/08/2017,2.0,2.0,102.0,139.0,-37.801159999999996,145.00066
ID870547196,410/54 Nott St,2,u,520000.0,22/05/2016,1.0,1.0,0.0,14.0,-37.8407,144.9389
ID612259398,4/332 South Rd,2,u,472000.0,25/02/2017,1.0,1.0,215.0,12.0,-37.933,145.0322
ID224122931,2D Paxton St,4,t,2560000.0,25/02/2017,3.0,2.0,427.0,7.0,-37.8704,145.0503
ID380348341,14 Lucerne St,3,h,1415000.0,27/06/2016,1.0,1.0,605.0,69.0,-37.8703,145.0774
ID691114231,7 Octantis St,3,h,1369000.0,24/06/2017,1.0,2.0,696.0,44.0,-37.77973,145.16473
ID280543146,1/39 Alexandra St,2,u,610000.0,15/07/2017,1.0,1.0,168.0,34.0,-37.708009999999994,145.10689
ID843231099,26 Millewa Av,3,h,1638000.0,22/07/2017,1.0,1.0,697.0,29.0,-37.88354,145.07536000000005
ID731249945,3/38 Severn St,2,u,905000.0,16/09/2017,1.0,1.0,132.0,59.0,-37.79681,145.06903
ID718965707,13 Linnet St,4,h,1295000.0,29/04/2017,1.0,2.0,725.0,10.0,-37.8678,144.816
ID128813606,15 Daylily Dr,4,h,965000.0,1/07/2017,2.0,2.0,576.0,49.0,-38.00293,145.16465
ID296861141,17/46 Eucalyptus Dr,2,u,352500.0,18/03/2017,1.0,1.0,15100.0,7.0,-37.7795,144.8729
ID751901938,5 Luckins Rd,3,h,1165000.0,18/06/2016,1.0,2.0,694.0,69.0,-37.9315,145.0445
ID457801268,23a Chelsea St,3,u,1352500.0,28/08/2016,2.0,1.0,280.0,26.0,-37.91,144.989
ID577873922,2/6 Spurling St,4,t,838000.0,29/04/2017,2.0,2.0,294.0,6.0,-37.7844,144.8758
ID858512854,16 Southampton St,3,h,1320000.0,6/05/2017,1.0,1.0,482.0,59.0,-37.7951,144.8861
ID900204647,4/12 Victoria Av,2,h,480000.0,8/07/2017,1.0,1.0,72.0,13.0,-37.81477,145.18867
ID630083072,65 Devonshire Rd,3,h,810000.0,17/06/2017,1.0,2.0,459.0,49.0,-37.78519,144.83651
ID481586873,60 Alexandra Pde,4,h,1010000.0,16/09/2017,3.0,1.0,193.0,64.0,-37.79395,144.98899
ID393980979,5/14 Athelstane Gr,2,u,500000.0,19/11/2016,1.0,1.0,71.0,59.0,-37.7634,145.0406
ID958136146,11 Athelstane Gr,4,h,2380000.0,24/06/2017,2.0,2.0,778.0,17.0,-37.76356,145.04135
ID902009978,98 Epsom Rd,3,h,971000.0,4/06/2016,2.0,2.0,285.0,119.0,-37.775,144.9091
ID989066437,48 Hamilton St,4,h,1502000.0,26/08/2017,3.0,1.0,934.0,5.0,-37.80898,144.88701
ID804294903,6/374 Dandenong Rd,2,u,610000.0,22/07/2017,1.0,1.0,816.0,12.0,-37.86068,145.01121
ID193361247,13 Aston St,4,h,665000.0,1/07/2017,2.0,2.0,756.0,12.0,-37.58885,144.90135
ID428461538,38 Warwick Rd,2,h,435000.0,6/08/2016,1.0,4.0,343.0,59.0,-37.7689,144.8402
ID859616514,17 Bannister St,4,h,618000.0,20/05/2017,1.0,2.0,604.0,49.0,-37.6875,144.9102
ID456587075,15 Littlewood St,3,h,2513000.0,6/05/2017,2.0,1.0,766.0,89.0,-37.9346,145.0049
ID319018389,15 Greer St,4,h,1000000.0,22/07/2017,2.0,1.0,180.0,25.0,-37.796859999999995,144.908
ID572370054,18 Valencia St,5,h,1472000.0,22/07/2017,3.0,2.0,486.0,49.0,-37.761109999999995,144.89845
ID284066143,20 Barton St,3,h,876000.0,19/08/2017,1.0,2.0,653.0,69.0,-37.711420000000004,145.00377
ID849040862,18 Avoca St,4,h,5700000.0,12/11/2016,2.0,0.0,292.0,139.0,-37.8377,144.9894
ID511136257,6 Blenheim St,3,h,1193000.0,18/06/2016,1.0,1.0,178.0,99.0,-37.8663,144.9948
ID220555508,222 Woodland St,5,h,2650000.0,19/11/2016,3.0,2.0,755.0,10.0,-37.7417,144.9133
ID327101815,63 Kenny St,3,h,700000.0,12/08/2017,2.0,4.0,673.0,39.0,-37.67558,144.8976
ID259149713,1/12 Burrows St,2,u,905500.0,16/07/2016,1.0,1.0,122.0,99.0,-37.9188,144.9942
ID638514304,8/300 Racecourse Rd,1,u,395000.0,25/02/2017,1.0,1.0,818.0,139.0,-37.788000000000004,144.9306
ID828494334,15 Mara Cl,4,h,1330000.0,26/08/2017,2.0,2.0,717.0,39.0,-37.86887,145.22116
ID982784611,15 Tyne St,4,h,2850000.0,23/09/2017,2.0,8.0,905.0,12.0,-37.84578,145.08436
ID740823549,1 Elphin St,2,h,1070000.0,29/04/2017,1.0,3.0,480.0,129.0,-37.8431,144.8919
ID990118012,1/33 Sheffield St,2,h,920000.0,19/11/2016,1.0,0.0,157.0,89.0,-37.7464,144.9676
ID335448153,167 Alexandra Pde,2,h,846000.0,8/04/2017,1.0,0.0,160.0,139.0,-37.7933,144.9824
ID112211971,2 Harry St,3,h,1195000.0,27/11/2016,1.0,2.0,601.0,12.0,-37.9386,145.0317
ID897771854,8 Carmichael St,3,h,1640000.0,27/05/2017,1.0,2.0,617.0,89.0,-37.77212,145.05813
ID524610925,17/24 Dongola Rd,3,t,815000.0,8/04/2017,1.0,2.0,203.0,69.0,-37.7928,144.8811
